t,bp_number,bp_number_hh,bp_number_tt,loc_x_coarse
1e-11,1.0,1.0,0.0,1.525e-07
2e-11,1.0,1.0,0.0,1.55e-07
3e-11,1.0,1.0,0.0,1.575e-07
4e-11,1.0,1.0,0.0,1.6e-07
5e-11,1.0,1.0,0.0,1.625e-07
6e-11,1.0,1.0,0.0,1.65e-07
7e-11,1.0,1.0,0.0,1.675e-07
8e-11,1.0,1.0,0.0,1.7000000000000001e-07
9e-11,1.0,1.0,0.0,1.7250000000000002e-07
1e-10,1.0,1.0,0.0,1.75e-07
1.1e-10,1.0,1.0,0.0,1.775e-07
1.2e-10,1.0,1.0,0.0,1.8e-07
1.3e-10,1.0,1.0,0.0,1.825e-07
1.4e-10,1.0,1.0,0.0,1.85e-07
1.5e-10,1.0,1.0,0.0,1.875e-07
1.6e-10,1.0,1.0,0.0,1.925e-07
1.7e-10,1.0,1.0,0.0,1.95e-07
1.8e-10,1.0,1.0,0.0,1.9750000000000001e-07
1.9e-10,1.0,1.0,0.0,2e-07
2e-10,1.0,1.0,0.0,2.025e-07
2.1e-10,1.0,1.0,0.0,2.05e-07
2.2e-10,1.0,1.0,0.0,2.075e-07
2.3e-10,1.0,1.0,0.0,2.125e-07
2.4e-10,1.0,1.0,0.0,2.15e-07
2.5e-10,1.0,1.0,0.0,2.175e-07
2.6e-10,1.0,1.0,0.0,2.2e-07
2.7e-10,1.0,1.0,0.0,2.2250000000000001e-07
2.8e-10,1.0,1.0,0.0,2.275e-07
2.9e-10,1.0,1.0,0.0,2.3e-07
3e-10,1.0,1.0,0.0,2.325e-07
3.1e-10,1.0,1.0,0.0,2.35e-07
3.2e-10,1.0,1.0,0.0,2.375e-07
3.3e-10,1.0,1.0,0.0,2.4000000000000003e-07
3.4e-10,1.0,1.0,0.0,2.45e-07
3.5e-10,1.0,1.0,0.0,2.475e-07
3.6e-10,1.0,1.0,0.0,2.5e-07
3.7e-10,1.0,1.0,0.0,2.525e-07
3.8e-10,1.0,1.0,0.0,2.55e-07
3.9e-10,1.0,1.0,0.0,2.6e-07
4e-10,1.0,1.0,0.0,2.6250000000000003e-07
4.1e-10,1.0,1.0,0.0,2.65e-07
4.2e-10,1.0,1.0,0.0,2.675e-07
4.3e-10,1.0,1.0,0.0,2.7e-07
4.4e-10,1.0,1.0,0.0,2.725e-07
4.5e-10,1.0,1.0,0.0,2.775e-07
4.6e-10,1.0,1.0,0.0,2.8e-07
4.7e-10,1.0,1.0,0.0,2.825e-07
4.8e-10,1.0,1.0,0.0,2.85e-07
4.9e-10,1.0,1.0,0.0,2.875e-07
5e-10,1.0,1.0,0.0,2.9000000000000003e-07
5.1e-10,1.0,1.0,0.0,2.95e-07
5.2e-10,1.0,1.0,0.0,2.975e-07
5.3e-10,1.0,1.0,0.0,3e-07
5.4e-10,1.0,1.0,0.0,3.025e-07
5.5e-10,1.0,1.0,0.0,3.05e-07
5.6e-10,1.0,1.0,0.0,3.075e-07
5.7e-10,1.0,1.0,0.0,3.125e-07
5.8e-10,1.0,1.0,0.0,3.15e-07
5.9e-10,1.0,1.0,0.0,3.1750000000000003e-07
6e-10,1.0,1.0,0.0,3.2e-07
6.1e-10,1.0,1.0,0.0,3.225e-07
6.2e-10,1.0,1.0,0.0,3.25e-07
6.3e-10,1.0,1.0,0.0,3.3e-07
6.4e-10,1.0,1.0,0.0,3.325e-07
6.5e-10,1.0,1.0,0.0,3.35e-07
6.6e-10,1.0,1.0,0.0,3.375e-07
6.7e-10,1.0,1.0,0.0,3.4000000000000003e-07
6.8e-10,1.0,1.0,0.0,3.425e-07
6.9e-10,1.0,1.0,0.0,3.475e-07
7e-10,1.0,1.0,0.0,3.5e-07
7.1e-10,1.0,1.0,0.0,3.525e-07
7.2e-10,1.0,1.0,0.0,3.55e-07
7.3e-10,1.0,1.0,0.0,3.575e-07
7.4e-10,1.0,1.0,0.0,3.6e-07
7.5e-10,1.0,1.0,0.0,3.65e-07
7.6e-10,1.0,1.0,0.0,3.6750000000000003e-07
7.7e-10,1.0,1.0,0.0,3.7e-07
7.8e-10,1.0,1.0,0.0,3.7250000000000003e-07
7.9e-10,1.0,1.0,0.0,3.75e-07
8e-10,1.0,1.0,0.0,3.775e-07
8.1e-10,1.0,1.0,0.0,3.825e-07
8.2e-10,1.0,1.0,0.0,3.85e-07
8.3e-10,1.0,1.0,0.0,3.875e-07
8.4e-10,1.0,1.0,0.0,3.9e-07
8.5e-10,1.0,1.0,0.0,3.925e-07
8.6e-10,1.0,1.0,0.0,3.9500000000000003e-07
8.7e-10,1.0,1.0,0.0,3.975e-07
8.8e-10,1.0,1.0,0.0,4.025e-07
8.9e-10,1.0,1.0,0.0,4.05e-07
9e-10,1.0,1.0,0.0,4.075e-07
9.1e-10,1.0,1.0,0.0,4.1e-07
9.2e-10,1.0,1.0,0.0,4.125e-07
9.3e-10,1.0,1.0,0.0,4.15e-07
9.4e-10,1.0,1.0,0.0,4.2e-07
9.5e-10,1.0,1.0,0.0,4.2250000000000003e-07
9.6e-10,1.0,1.0,0.0,4.25e-07
9.7e-10,1.0,1.0,0.0,4.275e-07
9.8e-10,1.0,1.0,0.0,4.3e-07
9.9e-10,1.0,1.0,0.0,4.325e-07
1e-09,1.0,1.0,0.0,4.375e-07
1.01e-09,1.0,1.0,0.0,4.4e-07
1.02e-09,1.0,1.0,0.0,4.425e-07
1.03e-09,1.0,1.0,0.0,4.4500000000000003e-07
1.04e-09,1.0,1.0,0.0,4.475e-07
1.05e-09,1.0,1.0,0.0,4.5000000000000003e-07
1.06e-09,1.0,1.0,0.0,4.55e-07
1.07e-09,1.0,1.0,0.0,4.575e-07
1.08e-09,1.0,1.0,0.0,4.6e-07
1.09e-09,1.0,1.0,0.0,4.625e-07
1.1e-09,1.0,1.0,0.0,4.65e-07
1.11e-09,1.0,1.0,0.0,4.675e-07
1.12e-09,1.0,1.0,0.0,4.7e-07
1.13e-09,1.0,1.0,0.0,4.75e-07
1.14e-09,1.0,1.0,0.0,4.775e-07
1.15e-09,1.0,1.0,0.0,4.800000000000001e-07
1.16e-09,1.0,1.0,0.0,4.825e-07
1.17e-09,1.0,1.0,0.0,4.85e-07
1.18e-09,1.0,1.0,0.0,4.875e-07
1.19e-09,1.0,1.0,0.0,4.925e-07
1.2e-09,1.0,1.0,0.0,4.95e-07
1.21e-09,1.0,1.0,0.0,4.975e-07
1.22e-09,1.0,1.0,0.0,5e-07
1.23e-09,1.0,1.0,0.0,5.025000000000001e-07
1.24e-09,1.0,1.0,0.0,5.05e-07
1.25e-09,1.0,1.0,0.0,5.1e-07
1.26e-09,1.0,1.0,0.0,5.125e-07
1.27e-09,1.0,1.0,0.0,5.15e-07
1.28e-09,1.0,1.0,0.0,5.175e-07
1.29e-09,1.0,1.0,0.0,5.2e-07
1.3e-09,1.0,1.0,0.0,5.225e-07
1.31e-09,1.0,1.0,0.0,5.250000000000001e-07
1.32e-09,1.0,1.0,0.0,5.3e-07
1.33e-09,1.0,1.0,0.0,5.325e-07
1.34e-09,1.0,1.0,0.0,5.35e-07
1.35e-09,1.0,1.0,0.0,5.375e-07
1.36e-09,1.0,1.0,0.0,5.4e-07
1.37e-09,1.0,1.0,0.0,5.425e-07
1.38e-09,1.0,1.0,0.0,5.475e-07
1.39e-09,1.0,1.0,0.0,5.5e-07
1.4e-09,1.0,1.0,0.0,5.525e-07
1.41e-09,1.0,1.0,0.0,5.55e-07
1.42e-09,1.0,1.0,0.0,5.575000000000001e-07
1.43e-09,1.0,1.0,0.0,5.6e-07
1.44e-09,1.0,1.0,0.0,5.65e-07
1.45e-09,1.0,1.0,0.0,5.675e-07
1.46e-09,1.0,1.0,0.0,5.7e-07
1.47e-09,1.0,1.0,0.0,5.725e-07
1.48e-09,1.0,1.0,0.0,5.75e-07
1.49e-09,1.0,1.0,0.0,5.775e-07
1.5e-09,1.0,1.0,0.0,5.800000000000001e-07
1.51e-09,1.0,1.0,0.0,5.85e-07
1.52e-09,1.0,1.0,0.0,5.875e-07
1.53e-09,1.0,1.0,0.0,5.9e-07
1.54e-09,1.0,1.0,0.0,5.925e-07
1.55e-09,1.0,1.0,0.0,5.95e-07
1.56e-09,1.0,1.0,0.0,5.975e-07
1.57e-09,1.0,1.0,0.0,6.025000000000001e-07
1.58e-09,1.0,1.0,0.0,6.05e-07
1.59e-09,1.0,1.0,0.0,6.075e-07
1.6e-09,1.0,1.0,0.0,6.1e-07
1.61e-09,1.0,1.0,0.0,6.125000000000001e-07
1.62e-09,1.0,1.0,0.0,6.15e-07
1.63e-09,1.0,1.0,0.0,6.175e-07
1.64e-09,1.0,1.0,0.0,6.225e-07
1.65e-09,1.0,1.0,0.0,6.25e-07
1.66e-09,1.0,1.0,0.0,6.275e-07
1.67e-09,1.0,1.0,0.0,6.3e-07
1.68e-09,1.0,1.0,0.0,6.325e-07
1.69e-09,1.0,1.0,0.0,6.350000000000001e-07
1.7e-09,1.0,1.0,0.0,6.4e-07
1.71e-09,1.0,1.0,0.0,6.425e-07
1.72e-09,1.0,1.0,0.0,6.45e-07
1.73e-09,1.0,1.0,0.0,6.475e-07
1.74e-09,1.0,1.0,0.0,6.5e-07
1.75e-09,1.0,1.0,0.0,6.525e-07
1.76e-09,1.0,1.0,0.0,6.575000000000001e-07
1.77e-09,1.0,1.0,0.0,6.6e-07
1.78e-09,1.0,1.0,0.0,6.625e-07
1.79e-09,1.0,1.0,0.0,6.65e-07
1.8e-09,1.0,1.0,0.0,6.675e-07
1.81e-09,1.0,1.0,0.0,6.7e-07
1.82e-09,1.0,1.0,0.0,6.725e-07
1.83e-09,1.0,1.0,0.0,6.775e-07
1.84e-09,1.0,1.0,0.0,6.800000000000001e-07
1.85e-09,1.0,1.0,0.0,6.825e-07
1.86e-09,1.0,1.0,0.0,6.85e-07
1.87e-09,1.0,1.0,0.0,6.875e-07
1.88e-09,1.0,1.0,0.0,6.900000000000001e-07
1.89e-09,1.0,1.0,0.0,6.95e-07
1.9e-09,1.0,1.0,0.0,6.975e-07
1.91e-09,1.0,1.0,0.0,7e-07
1.92e-09,1.0,1.0,0.0,7.025e-07
1.93e-09,1.0,1.0,0.0,7.05e-07
1.94e-09,1.0,1.0,0.0,7.075e-07
1.95e-09,1.0,1.0,0.0,7.1e-07
1.96e-09,1.0,1.0,0.0,7.15e-07
1.97e-09,1.0,1.0,0.0,7.175e-07
1.98e-09,1.0,1.0,0.0,7.2e-07
1.99e-09,1.0,1.0,0.0,7.225e-07
2e-09,1.0,1.0,0.0,7.25e-07
2.01e-09,1.0,1.0,0.0,7.275e-07
2.02e-09,1.0,1.0,0.0,7.325e-07
2.03e-09,1.0,1.0,0.0,7.350000000000001e-07
2.04e-09,1.0,1.0,0.0,7.375e-07
2.05e-09,1.0,1.0,0.0,7.4e-07
2.06e-09,1.0,1.0,0.0,7.425e-07
2.07e-09,1.0,1.0,0.0,7.450000000000001e-07
2.08e-09,1.0,1.0,0.0,7.475e-07
2.09e-09,1.0,1.0,0.0,7.525e-07
2.1e-09,1.0,1.0,0.0,7.55e-07
2.11e-09,1.0,1.0,0.0,7.575000000000001e-07
2.12e-09,1.0,1.0,0.0,7.6e-07
2.13e-09,1.0,1.0,0.0,7.625e-07
2.14e-09,1.0,1.0,0.0,7.65e-07
2.15e-09,1.0,1.0,0.0,7.7e-07
2.16e-09,1.0,1.0,0.0,7.725e-07
2.17e-09,1.0,1.0,0.0,7.75e-07
2.18e-09,1.0,1.0,0.0,7.775e-07
2.19e-09,1.0,1.0,0.0,7.8e-07
2.2e-09,1.0,1.0,0.0,7.825e-07
2.21e-09,1.0,1.0,0.0,7.85e-07
2.22e-09,1.0,1.0,0.0,7.900000000000001e-07
2.23e-09,1.0,1.0,0.0,7.925e-07
2.24e-09,1.0,1.0,0.0,7.95e-07
2.25e-09,1.0,1.0,0.0,7.975e-07
2.26e-09,1.0,1.0,0.0,8e-07
2.27e-09,1.0,1.0,0.0,8.025e-07
2.28e-09,1.0,1.0,0.0,8.075e-07
2.29e-09,1.0,1.0,0.0,8.1e-07
2.3e-09,1.0,1.0,0.0,8.125000000000001e-07
2.31e-09,1.0,1.0,0.0,8.15e-07
2.32e-09,1.0,1.0,0.0,8.175e-07
2.33e-09,1.0,1.0,0.0,8.2e-07
2.34e-09,1.0,1.0,0.0,8.225000000000001e-07
2.35e-09,1.0,1.0,0.0,8.275e-07
2.36e-09,1.0,1.0,0.0,8.3e-07
2.37e-09,1.0,1.0,0.0,8.325e-07
2.38e-09,1.0,1.0,0.0,8.35e-07
2.39e-09,1.0,1.0,0.0,8.375e-07
2.4e-09,1.0,1.0,0.0,8.4e-07
2.41e-09,1.0,1.0,0.0,8.450000000000001e-07
2.42e-09,1.0,1.0,0.0,8.475e-07
2.43e-09,1.0,1.0,0.0,8.5e-07
2.44e-09,1.0,1.0,0.0,8.525e-07
2.45e-09,1.0,1.0,0.0,8.55e-07
2.46e-09,1.0,1.0,0.0,8.575e-07
2.47e-09,1.0,1.0,0.0,8.6e-07
2.48e-09,1.0,1.0,0.0,8.65e-07
2.49e-09,1.0,1.0,0.0,8.675000000000001e-07
2.5e-09,1.0,1.0,0.0,8.7e-07
2.51e-09,1.0,1.0,0.0,8.725e-07
2.52e-09,1.0,1.0,0.0,8.75e-07
2.53e-09,1.0,1.0,0.0,8.775000000000001e-07
2.54e-09,1.0,1.0,0.0,8.825e-07
2.55e-09,1.0,1.0,0.0,8.85e-07
2.56e-09,1.0,1.0,0.0,8.875e-07
2.57e-09,1.0,1.0,0.0,8.900000000000001e-07
2.58e-09,1.0,1.0,0.0,8.925e-07
2.59e-09,1.0,1.0,0.0,8.95e-07
2.6e-09,1.0,1.0,0.0,8.975e-07
2.61e-09,1.0,1.0,0.0,9.025e-07
2.62e-09,1.0,1.0,0.0,9.05e-07
2.63e-09,1.0,1.0,0.0,9.075e-07
2.64e-09,1.0,1.0,0.0,9.1e-07
2.65e-09,1.0,1.0,0.0,9.125e-07
2.66e-09,1.0,1.0,0.0,9.15e-07
2.67e-09,1.0,1.0,0.0,9.2e-07
2.68e-09,1.0,1.0,0.0,9.225000000000001e-07
2.69e-09,1.0,1.0,0.0,9.25e-07
2.7e-09,1.0,1.0,0.0,9.275e-07
2.71e-09,1.0,1.0,0.0,9.3e-07
2.72e-09,1.0,1.0,0.0,9.325000000000001e-07
2.73e-09,1.0,1.0,0.0,9.35e-07
2.74e-09,1.0,1.0,0.0,9.4e-07
2.75e-09,1.0,1.0,0.0,9.425e-07
2.76e-09,1.0,1.0,0.0,9.450000000000001e-07
2.77e-09,1.0,1.0,0.0,9.475e-07
2.78e-09,1.0,1.0,0.0,9.5e-07
2.79e-09,1.0,1.0,0.0,9.525e-07
2.8e-09,1.0,1.0,0.0,9.575e-07
2.81e-09,1.0,1.0,0.0,9.600000000000001e-07
2.82e-09,1.0,1.0,0.0,9.625e-07
2.83e-09,1.0,1.0,0.0,9.65e-07
2.84e-09,1.0,1.0,0.0,9.675e-07
2.85e-09,1.0,1.0,0.0,9.7e-07
2.86e-09,1.0,1.0,0.0,9.725e-07
2.87e-09,1.0,1.0,0.0,9.775e-07
2.88e-09,1.0,1.0,0.0,9.8e-07
2.89e-09,1.0,1.0,0.0,9.825000000000001e-07
2.9e-09,1.0,1.0,0.0,9.85e-07
2.91e-09,1.0,1.0,0.0,9.875e-07
2.92e-09,1.0,1.0,0.0,9.9e-07
2.93e-09,1.0,1.0,0.0,9.925e-07
2.94e-09,1.0,1.0,0.0,9.975e-07
2.95e-09,1.0,1.0,0.0,1e-06
2.96e-09,1.0,1.0,0.0,1.0025e-06
2.97e-09,1.0,1.0,0.0,1.0050000000000001e-06
2.98e-09,1.0,1.0,0.0,1.0075e-06
2.99e-09,1.0,1.0,0.0,1.01e-06
3e-09,1.0,1.0,0.0,1.015e-06
3.01e-09,1.0,1.0,0.0,1.0175e-06
3.02e-09,1.0,1.0,0.0,1.02e-06
3.03e-09,1.0,1.0,0.0,1.0225e-06
3.04e-09,1.0,1.0,0.0,1.025e-06
3.05e-09,1.0,1.0,0.0,1.0275000000000001e-06
3.06e-09,1.0,1.0,0.0,1.03e-06
3.07e-09,1.0,1.0,0.0,1.035e-06
3.08e-09,1.0,1.0,0.0,1.0375e-06
3.09e-09,1.0,1.0,0.0,1.04e-06
3.1e-09,1.0,1.0,0.0,1.0425e-06
3.11e-09,1.0,1.0,0.0,1.045e-06
3.12e-09,1.0,1.0,0.0,1.0475e-06
3.13e-09,1.0,1.0,0.0,1.0525e-06
3.14e-09,1.0,1.0,0.0,1.055e-06
3.15e-09,1.0,1.0,0.0,1.0575e-06
3.16e-09,1.0,1.0,0.0,1.06e-06
3.17e-09,1.0,1.0,0.0,1.0625e-06
3.18e-09,1.0,1.0,0.0,1.065e-06
3.19e-09,1.0,1.0,0.0,1.0675e-06
3.2e-09,1.0,1.0,0.0,1.0725000000000001e-06
3.21e-09,1.0,1.0,0.0,1.075e-06
3.22e-09,1.0,1.0,0.0,1.0775e-06
3.23e-09,1.0,1.0,0.0,1.08e-06
3.24e-09,1.0,1.0,0.0,1.0825e-06
3.25e-09,1.0,1.0,0.0,1.085e-06
3.26e-09,1.0,1.0,0.0,1.0875e-06
3.27e-09,1.0,1.0,0.0,1.0925000000000001e-06
3.28e-09,1.0,1.0,0.0,1.095e-06
3.29e-09,1.0,1.0,0.0,1.0975e-06
3.3e-09,1.0,1.0,0.0,1.1e-06
3.31e-09,1.0,1.0,0.0,1.1025e-06
3.32e-09,1.0,1.0,0.0,1.105e-06
3.33e-09,1.0,1.0,0.0,1.1075e-06
3.34e-09,1.0,1.0,0.0,1.1125e-06
3.35e-09,1.0,1.0,0.0,1.1150000000000001e-06
3.36e-09,1.0,1.0,0.0,1.1175e-06
3.37e-09,1.0,1.0,0.0,1.12e-06
3.38e-09,1.0,1.0,0.0,1.1225e-06
3.39e-09,1.0,1.0,0.0,1.125e-06
3.4e-09,1.0,1.0,0.0,1.13e-06
3.41e-09,1.0,1.0,0.0,1.1325e-06
3.42e-09,1.0,1.0,0.0,1.135e-06
3.43e-09,1.0,1.0,0.0,1.1375000000000001e-06
3.44e-09,1.0,1.0,0.0,1.14e-06
3.45e-09,1.0,1.0,0.0,1.1425e-06
3.46e-09,1.0,1.0,0.0,1.145e-06
3.47e-09,1.0,1.0,0.0,1.15e-06
3.48e-09,1.0,1.0,0.0,1.1525e-06
3.49e-09,1.0,1.0,0.0,1.155e-06
3.5e-09,1.0,1.0,0.0,1.1575e-06
3.51e-09,1.0,1.0,0.0,1.1600000000000001e-06
3.52e-09,1.0,1.0,0.0,1.1625e-06
3.53e-09,1.0,1.0,0.0,1.165e-06
3.54e-09,1.0,1.0,0.0,1.17e-06
3.55e-09,1.0,1.0,0.0,1.1725e-06
3.56e-09,1.0,1.0,0.0,1.175e-06
3.57e-09,1.0,1.0,0.0,1.1775e-06
3.58e-09,1.0,1.0,0.0,1.18e-06
3.59e-09,1.0,1.0,0.0,1.1825000000000001e-06
3.6e-09,1.0,1.0,0.0,1.185e-06
3.61e-09,1.0,1.0,0.0,1.19e-06
3.62e-09,1.0,1.0,0.0,1.1925e-06
3.63e-09,1.0,1.0,0.0,1.195e-06
3.64e-09,1.0,1.0,0.0,1.1975e-06
3.65e-09,1.0,1.0,0.0,1.2e-06
3.66e-09,1.0,1.0,0.0,1.2025e-06
3.67e-09,1.0,1.0,0.0,1.2050000000000001e-06
3.68e-09,1.0,1.0,0.0,1.21e-06
3.69e-09,1.0,1.0,0.0,1.2125e-06
3.7e-09,1.0,1.0,0.0,1.215e-06
3.71e-09,1.0,1.0,0.0,1.2175e-06
3.72e-09,1.0,1.0,0.0,1.22e-06
3.73e-09,1.0,1.0,0.0,1.2225e-06
3.74e-09,1.0,1.0,0.0,1.2250000000000001e-06
3.75e-09,1.0,1.0,0.0,1.23e-06
3.76e-09,1.0,1.0,0.0,1.2325e-06
3.77e-09,1.0,1.0,0.0,1.235e-06
3.78e-09,1.0,1.0,0.0,1.2375e-06
3.79e-09,1.0,1.0,0.0,1.24e-06
3.8e-09,1.0,1.0,0.0,1.2425e-06
3.81e-09,1.0,1.0,0.0,1.245e-06
3.82e-09,1.0,1.0,0.0,1.25e-06
3.83e-09,1.0,1.0,0.0,1.2525e-06
3.84e-09,1.0,1.0,0.0,1.255e-06
3.85e-09,1.0,1.0,0.0,1.2575e-06
3.86e-09,1.0,1.0,0.0,1.26e-06
3.87e-09,1.0,1.0,0.0,1.2625e-06
3.88e-09,1.0,1.0,0.0,1.265e-06
3.89e-09,1.0,1.0,0.0,1.2700000000000001e-06
3.9e-09,1.0,1.0,0.0,1.2725e-06
3.91e-09,1.0,1.0,0.0,1.275e-06
3.92e-09,1.0,1.0,0.0,1.2775e-06
3.93e-09,1.0,1.0,0.0,1.28e-06
3.94e-09,1.0,1.0,0.0,1.2825e-06
3.95e-09,1.0,1.0,0.0,1.285e-06
3.96e-09,1.0,1.0,0.0,1.2875e-06
3.97e-09,1.0,1.0,0.0,1.2925000000000001e-06
3.98e-09,1.0,1.0,0.0,1.295e-06
3.99e-09,1.0,1.0,0.0,1.2975e-06
4e-09,1.0,1.0,0.0,1.3e-06
4.01e-09,1.0,1.0,0.0,1.3025e-06
4.02e-09,1.0,1.0,0.0,1.305e-06
4.03e-09,1.0,1.0,0.0,1.3075e-06
4.04e-09,1.0,1.0,0.0,1.31e-06
4.05e-09,1.0,1.0,0.0,1.3150000000000001e-06
4.06e-09,1.0,1.0,0.0,1.3175e-06
4.07e-09,1.0,1.0,0.0,1.32e-06
4.08e-09,1.0,1.0,0.0,1.3225e-06
4.09e-09,1.0,1.0,0.0,1.325e-06
4.1e-09,1.0,1.0,0.0,1.3275e-06
4.11e-09,1.0,1.0,0.0,1.33e-06
4.12e-09,1.0,1.0,0.0,1.3325e-06
4.13e-09,1.0,1.0,0.0,1.3375000000000001e-06
4.14e-09,1.0,1.0,0.0,1.34e-06
4.15e-09,1.0,1.0,0.0,1.3425e-06
4.16e-09,1.0,1.0,0.0,1.345e-06
4.17e-09,1.0,1.0,0.0,1.3475e-06
4.18e-09,1.0,1.0,0.0,1.35e-06
4.19e-09,1.0,1.0,0.0,1.3525e-06
4.2e-09,1.0,1.0,0.0,1.355e-06
4.21e-09,1.0,1.0,0.0,1.3575000000000001e-06
4.22e-09,1.0,1.0,0.0,1.3625e-06
4.23e-09,1.0,1.0,0.0,1.365e-06
4.24e-09,1.0,1.0,0.0,1.3675e-06
4.25e-09,1.0,1.0,0.0,1.37e-06
4.26e-09,1.0,1.0,0.0,1.3725e-06
4.27e-09,1.0,1.0,0.0,1.375e-06
4.28e-09,1.0,1.0,0.0,1.3775e-06
4.29e-09,1.0,1.0,0.0,1.3800000000000001e-06
4.3e-09,1.0,1.0,0.0,1.3825e-06
4.31e-09,1.0,1.0,0.0,1.385e-06
4.32e-09,1.0,1.0,0.0,1.3875e-06
4.33e-09,1.0,1.0,0.0,1.39e-06
4.34e-09,1.0,1.0,0.0,1.3925e-06
4.35e-09,1.0,1.0,0.0,1.395e-06
4.36e-09,1.0,1.0,0.0,1.3975e-06
4.37e-09,1.0,1.0,0.0,1.4e-06
4.38e-09,1.0,1.0,0.0,1.4025000000000001e-06
4.39e-09,1.0,1.0,0.0,1.405e-06
4.4e-09,1.0,1.0,0.0,1.4075e-06
4.41e-09,1.0,1.0,0.0,1.41e-06
4.42e-09,1.0,1.0,0.0,1.4125e-06
4.43e-09,1.0,1.0,0.0,1.415e-06
4.44e-09,1.0,1.0,0.0,1.4175e-06
4.45e-09,1.0,1.0,0.0,1.42e-06
4.46e-09,1.0,1.0,0.0,1.4225e-06
4.47e-09,1.0,1.0,0.0,1.4250000000000001e-06
4.48e-09,1.0,1.0,0.0,1.4275e-06
4.49e-09,1.0,1.0,0.0,1.43e-06
4.5e-09,1.0,1.0,0.0,1.4325e-06
4.51e-09,1.0,1.0,0.0,1.4325e-06
4.52e-09,1.0,1.0,0.0,1.435e-06
4.53e-09,1.0,1.0,0.0,1.4375e-06
4.54e-09,1.0,1.0,0.0,1.4375e-06
4.55e-09,1.0,1.0,0.0,1.44e-06
4.56e-09,1.0,1.0,0.0,1.4425e-06
4.57e-09,1.0,1.0,0.0,1.4425e-06
4.58e-09,1.0,1.0,0.0,1.445e-06
4.59e-09,1.0,1.0,0.0,1.445e-06
4.6e-09,1.0,1.0,0.0,1.4475000000000001e-06
4.61e-09,1.0,1.0,0.0,1.4475000000000001e-06
4.62e-09,1.0,1.0,0.0,1.45e-06
4.63e-09,1.0,1.0,0.0,1.45e-06
4.64e-09,1.0,1.0,0.0,1.45e-06
4.65e-09,1.0,1.0,0.0,1.4525e-06
4.66e-09,1.0,1.0,0.0,1.4525e-06
4.67e-09,1.0,1.0,0.0,1.4525e-06
4.68e-09,1.0,1.0,0.0,1.4525e-06
4.69e-09,1.0,1.0,0.0,1.455e-06
4.7e-09,1.0,1.0,0.0,1.455e-06
4.71e-09,1.0,1.0,0.0,1.455e-06
4.72e-09,1.0,1.0,0.0,1.455e-06
4.73e-09,1.0,1.0,0.0,1.455e-06
4.74e-09,1.0,1.0,0.0,1.455e-06
4.75e-09,1.0,1.0,0.0,1.455e-06
4.76e-09,1.0,1.0,0.0,1.455e-06
4.77e-09,1.0,1.0,0.0,1.455e-06
4.78e-09,1.0,1.0,0.0,1.455e-06
4.79e-09,1.0,1.0,0.0,1.455e-06
4.8e-09,1.0,1.0,0.0,1.455e-06
4.81e-09,1.0,1.0,0.0,1.455e-06
4.82e-09,1.0,1.0,0.0,1.455e-06
4.83e-09,1.0,1.0,0.0,1.455e-06
4.84e-09,1.0,1.0,0.0,1.455e-06
4.85e-09,1.0,1.0,0.0,1.455e-06
4.86e-09,1.0,1.0,0.0,1.455e-06
4.87e-09,1.0,1.0,0.0,1.455e-06
4.88e-09,1.0,1.0,0.0,1.455e-06
4.89e-09,1.0,1.0,0.0,1.455e-06
4.9e-09,1.0,1.0,0.0,1.455e-06
4.91e-09,1.0,1.0,0.0,1.455e-06
4.92e-09,1.0,1.0,0.0,1.455e-06
4.93e-09,1.0,1.0,0.0,1.455e-06
4.94e-09,1.0,1.0,0.0,1.455e-06
4.95e-09,1.0,1.0,0.0,1.455e-06
4.96e-09,1.0,1.0,0.0,1.455e-06
4.97e-09,1.0,1.0,0.0,1.455e-06
4.98e-09,1.0,1.0,0.0,1.455e-06
4.99e-09,1.0,1.0,0.0,1.455e-06
5e-09,1.0,1.0,0.0,1.455e-06
5.01e-09,1.0,1.0,0.0,1.455e-06
5.02e-09,1.0,1.0,0.0,1.455e-06
5.03e-09,1.0,1.0,0.0,1.455e-06
5.04e-09,1.0,1.0,0.0,1.455e-06
5.05e-09,1.0,1.0,0.0,1.455e-06
5.06e-09,1.0,1.0,0.0,1.455e-06
5.07e-09,1.0,1.0,0.0,1.455e-06
5.08e-09,1.0,1.0,0.0,1.455e-06
5.09e-09,1.0,1.0,0.0,1.455e-06
5.1e-09,1.0,1.0,0.0,1.455e-06
5.11e-09,1.0,1.0,0.0,1.455e-06
5.12e-09,1.0,1.0,0.0,1.455e-06
5.13e-09,1.0,1.0,0.0,1.455e-06
5.14e-09,1.0,1.0,0.0,1.455e-06
5.15e-09,1.0,1.0,0.0,1.455e-06
5.16e-09,1.0,1.0,0.0,1.455e-06
5.17e-09,1.0,1.0,0.0,1.455e-06
5.18e-09,1.0,1.0,0.0,1.455e-06
5.19e-09,1.0,1.0,0.0,1.455e-06
5.2e-09,1.0,1.0,0.0,1.455e-06
5.21e-09,1.0,1.0,0.0,1.455e-06
5.22e-09,1.0,1.0,0.0,1.455e-06
5.23e-09,1.0,1.0,0.0,1.455e-06
5.24e-09,1.0,1.0,0.0,1.455e-06
5.25e-09,1.0,1.0,0.0,1.455e-06
5.26e-09,1.0,1.0,0.0,1.455e-06
5.27e-09,1.0,1.0,0.0,1.455e-06
5.28e-09,1.0,1.0,0.0,1.455e-06
5.29e-09,1.0,1.0,0.0,1.455e-06
5.3e-09,1.0,1.0,0.0,1.455e-06
5.31e-09,1.0,1.0,0.0,1.455e-06
5.32e-09,1.0,1.0,0.0,1.455e-06
5.33e-09,1.0,1.0,0.0,1.455e-06
5.34e-09,1.0,1.0,0.0,1.455e-06
5.35e-09,1.0,1.0,0.0,1.455e-06
5.36e-09,1.0,1.0,0.0,1.455e-06
5.37e-09,1.0,1.0,0.0,1.455e-06
5.38e-09,1.0,1.0,0.0,1.455e-06
5.39e-09,1.0,1.0,0.0,1.455e-06
5.4e-09,1.0,1.0,0.0,1.455e-06
5.41e-09,1.0,1.0,0.0,1.455e-06
5.42e-09,1.0,1.0,0.0,1.455e-06
5.43e-09,1.0,1.0,0.0,1.455e-06
5.44e-09,1.0,1.0,0.0,1.455e-06
5.45e-09,1.0,1.0,0.0,1.455e-06
5.46e-09,1.0,1.0,0.0,1.455e-06
5.47e-09,1.0,1.0,0.0,1.455e-06
5.48e-09,1.0,1.0,0.0,1.455e-06
5.49e-09,1.0,1.0,0.0,1.455e-06
5.5e-09,1.0,1.0,0.0,1.455e-06
5.51e-09,1.0,1.0,0.0,1.455e-06
5.52e-09,1.0,1.0,0.0,1.455e-06
5.53e-09,1.0,1.0,0.0,1.455e-06
5.54e-09,1.0,1.0,0.0,1.455e-06
5.55e-09,1.0,1.0,0.0,1.455e-06
5.56e-09,1.0,1.0,0.0,1.455e-06
5.57e-09,1.0,1.0,0.0,1.455e-06
5.58e-09,1.0,1.0,0.0,1.455e-06
5.59e-09,1.0,1.0,0.0,1.455e-06
5.6e-09,1.0,1.0,0.0,1.455e-06
5.61e-09,1.0,1.0,0.0,1.455e-06
5.62e-09,1.0,1.0,0.0,1.455e-06
5.63e-09,1.0,1.0,0.0,1.455e-06
5.64e-09,1.0,1.0,0.0,1.455e-06
5.65e-09,1.0,1.0,0.0,1.455e-06
5.66e-09,1.0,1.0,0.0,1.455e-06
5.67e-09,1.0,1.0,0.0,1.455e-06
5.68e-09,1.0,1.0,0.0,1.455e-06
5.69e-09,1.0,1.0,0.0,1.455e-06
5.7e-09,1.0,1.0,0.0,1.455e-06
5.71e-09,1.0,1.0,0.0,1.455e-06
5.72e-09,1.0,1.0,0.0,1.455e-06
5.73e-09,1.0,1.0,0.0,1.455e-06
5.74e-09,1.0,1.0,0.0,1.455e-06
5.75e-09,1.0,1.0,0.0,1.455e-06
5.76e-09,1.0,1.0,0.0,1.455e-06
5.77e-09,1.0,1.0,0.0,1.455e-06
5.78e-09,1.0,1.0,0.0,1.455e-06
5.79e-09,1.0,1.0,0.0,1.455e-06
5.8e-09,1.0,1.0,0.0,1.455e-06
5.81e-09,1.0,1.0,0.0,1.455e-06
5.82e-09,1.0,1.0,0.0,1.455e-06
5.83e-09,1.0,1.0,0.0,1.455e-06
5.84e-09,1.0,1.0,0.0,1.455e-06
5.85e-09,1.0,1.0,0.0,1.455e-06
5.86e-09,1.0,1.0,0.0,1.455e-06
5.87e-09,1.0,1.0,0.0,1.455e-06
5.88e-09,1.0,1.0,0.0,1.455e-06
5.89e-09,1.0,1.0,0.0,1.455e-06
5.9e-09,1.0,1.0,0.0,1.455e-06
5.91e-09,1.0,1.0,0.0,1.455e-06
5.92e-09,1.0,1.0,0.0,1.455e-06
5.93e-09,1.0,1.0,0.0,1.455e-06
5.94e-09,1.0,1.0,0.0,1.455e-06
5.95e-09,1.0,1.0,0.0,1.455e-06
5.96e-09,1.0,1.0,0.0,1.455e-06
5.97e-09,1.0,1.0,0.0,1.455e-06
5.98e-09,1.0,1.0,0.0,1.455e-06
5.99e-09,1.0,1.0,0.0,1.455e-06
6e-09,1.0,1.0,0.0,1.455e-06
6.01e-09,1.0,1.0,0.0,1.455e-06
6.02e-09,1.0,1.0,0.0,1.455e-06
6.03e-09,1.0,1.0,0.0,1.455e-06
6.04e-09,1.0,1.0,0.0,1.455e-06
6.05e-09,1.0,1.0,0.0,1.455e-06
6.06e-09,1.0,1.0,0.0,1.455e-06
6.07e-09,1.0,1.0,0.0,1.455e-06
6.08e-09,1.0,1.0,0.0,1.455e-06
6.09e-09,1.0,1.0,0.0,1.455e-06
6.1e-09,1.0,1.0,0.0,1.455e-06
6.11e-09,1.0,1.0,0.0,1.455e-06
6.12e-09,1.0,1.0,0.0,1.455e-06
6.13e-09,1.0,1.0,0.0,1.455e-06
6.14e-09,1.0,1.0,0.0,1.455e-06
6.15e-09,1.0,1.0,0.0,1.455e-06
6.16e-09,1.0,1.0,0.0,1.455e-06
6.17e-09,1.0,1.0,0.0,1.455e-06
6.18e-09,1.0,1.0,0.0,1.455e-06
6.19e-09,1.0,1.0,0.0,1.455e-06
6.2e-09,1.0,1.0,0.0,1.455e-06
6.21e-09,1.0,1.0,0.0,1.455e-06
6.22e-09,1.0,1.0,0.0,1.455e-06
6.23e-09,1.0,1.0,0.0,1.455e-06
6.24e-09,1.0,1.0,0.0,1.455e-06
6.25e-09,1.0,1.0,0.0,1.455e-06
6.26e-09,1.0,1.0,0.0,1.455e-06
6.27e-09,1.0,1.0,0.0,1.455e-06
6.28e-09,1.0,1.0,0.0,1.455e-06
6.29e-09,1.0,1.0,0.0,1.455e-06
6.3e-09,1.0,1.0,0.0,1.455e-06
6.31e-09,1.0,1.0,0.0,1.455e-06
6.32e-09,1.0,1.0,0.0,1.455e-06
6.33e-09,1.0,1.0,0.0,1.455e-06
6.34e-09,1.0,1.0,0.0,1.455e-06
6.35e-09,1.0,1.0,0.0,1.455e-06
6.36e-09,1.0,1.0,0.0,1.455e-06
6.37e-09,1.0,1.0,0.0,1.455e-06
6.38e-09,1.0,1.0,0.0,1.455e-06
6.39e-09,1.0,1.0,0.0,1.455e-06
6.4e-09,1.0,1.0,0.0,1.455e-06
6.41e-09,1.0,1.0,0.0,1.455e-06
6.42e-09,1.0,1.0,0.0,1.455e-06
6.43e-09,1.0,1.0,0.0,1.455e-06
6.44e-09,1.0,1.0,0.0,1.455e-06
6.45e-09,1.0,1.0,0.0,1.455e-06
6.46e-09,1.0,1.0,0.0,1.455e-06
6.47e-09,1.0,1.0,0.0,1.455e-06
6.48e-09,1.0,1.0,0.0,1.455e-06
6.49e-09,1.0,1.0,0.0,1.455e-06
6.5e-09,1.0,1.0,0.0,1.455e-06
6.51e-09,1.0,1.0,0.0,1.455e-06
6.52e-09,1.0,1.0,0.0,1.455e-06
6.53e-09,1.0,1.0,0.0,1.455e-06
6.54e-09,1.0,1.0,0.0,1.455e-06
6.55e-09,1.0,1.0,0.0,1.455e-06
6.56e-09,1.0,1.0,0.0,1.455e-06
6.57e-09,1.0,1.0,0.0,1.455e-06
6.58e-09,1.0,1.0,0.0,1.455e-06
6.59e-09,1.0,1.0,0.0,1.455e-06
6.6e-09,1.0,1.0,0.0,1.455e-06
6.61e-09,1.0,1.0,0.0,1.455e-06
6.62e-09,1.0,1.0,0.0,1.455e-06
6.63e-09,1.0,1.0,0.0,1.455e-06
6.64e-09,1.0,1.0,0.0,1.455e-06
6.65e-09,1.0,1.0,0.0,1.455e-06
6.66e-09,1.0,1.0,0.0,1.455e-06
6.67e-09,1.0,1.0,0.0,1.455e-06
6.68e-09,1.0,1.0,0.0,1.455e-06
6.69e-09,1.0,1.0,0.0,1.455e-06
6.7e-09,1.0,1.0,0.0,1.455e-06
6.71e-09,1.0,1.0,0.0,1.455e-06
6.72e-09,1.0,1.0,0.0,1.455e-06
6.73e-09,1.0,1.0,0.0,1.455e-06
6.74e-09,1.0,1.0,0.0,1.455e-06
6.75e-09,1.0,1.0,0.0,1.455e-06
6.76e-09,1.0,1.0,0.0,1.455e-06
6.77e-09,1.0,1.0,0.0,1.455e-06
6.78e-09,1.0,1.0,0.0,1.455e-06
6.79e-09,1.0,1.0,0.0,1.455e-06
6.8e-09,1.0,1.0,0.0,1.455e-06
6.81e-09,1.0,1.0,0.0,1.455e-06
6.82e-09,1.0,1.0,0.0,1.455e-06
6.83e-09,1.0,1.0,0.0,1.455e-06
6.84e-09,1.0,1.0,0.0,1.455e-06
6.85e-09,1.0,1.0,0.0,1.455e-06
6.86e-09,1.0,1.0,0.0,1.455e-06
6.87e-09,1.0,1.0,0.0,1.455e-06
6.88e-09,1.0,1.0,0.0,1.455e-06
6.89e-09,1.0,1.0,0.0,1.455e-06
6.9e-09,1.0,1.0,0.0,1.455e-06
6.91e-09,1.0,1.0,0.0,1.455e-06
6.92e-09,1.0,1.0,0.0,1.455e-06
6.93e-09,1.0,1.0,0.0,1.455e-06
6.94e-09,1.0,1.0,0.0,1.455e-06
6.95e-09,1.0,1.0,0.0,1.455e-06
6.96e-09,1.0,1.0,0.0,1.455e-06
6.97e-09,1.0,1.0,0.0,1.455e-06
6.98e-09,1.0,1.0,0.0,1.455e-06
6.99e-09,1.0,1.0,0.0,1.455e-06
7e-09,1.0,1.0,0.0,1.455e-06
7.01e-09,1.0,1.0,0.0,1.455e-06
7.02e-09,1.0,1.0,0.0,1.455e-06
7.03e-09,1.0,1.0,0.0,1.455e-06
7.04e-09,1.0,1.0,0.0,1.455e-06
7.05e-09,1.0,1.0,0.0,1.455e-06
7.06e-09,1.0,1.0,0.0,1.455e-06
7.07e-09,1.0,1.0,0.0,1.455e-06
7.08e-09,1.0,1.0,0.0,1.455e-06
7.09e-09,1.0,1.0,0.0,1.455e-06
7.1e-09,1.0,1.0,0.0,1.455e-06
7.11e-09,1.0,1.0,0.0,1.455e-06
7.12e-09,1.0,1.0,0.0,1.455e-06
7.13e-09,1.0,1.0,0.0,1.455e-06
7.14e-09,1.0,1.0,0.0,1.455e-06
7.15e-09,1.0,1.0,0.0,1.455e-06
7.16e-09,1.0,1.0,0.0,1.455e-06
7.17e-09,1.0,1.0,0.0,1.455e-06
7.18e-09,1.0,1.0,0.0,1.455e-06
7.19e-09,1.0,1.0,0.0,1.455e-06
7.2e-09,1.0,1.0,0.0,1.455e-06
7.21e-09,1.0,1.0,0.0,1.455e-06
7.22e-09,1.0,1.0,0.0,1.455e-06
7.23e-09,1.0,1.0,0.0,1.455e-06
7.24e-09,1.0,1.0,0.0,1.455e-06
7.25e-09,1.0,1.0,0.0,1.455e-06
7.26e-09,1.0,1.0,0.0,1.455e-06
7.27e-09,1.0,1.0,0.0,1.455e-06
7.28e-09,1.0,1.0,0.0,1.455e-06
7.29e-09,1.0,1.0,0.0,1.455e-06
7.3e-09,1.0,1.0,0.0,1.455e-06
7.31e-09,1.0,1.0,0.0,1.455e-06
7.32e-09,1.0,1.0,0.0,1.455e-06
7.33e-09,1.0,1.0,0.0,1.455e-06
7.34e-09,1.0,1.0,0.0,1.455e-06
7.35e-09,1.0,1.0,0.0,1.455e-06
7.36e-09,1.0,1.0,0.0,1.455e-06
7.37e-09,1.0,1.0,0.0,1.455e-06
7.38e-09,1.0,1.0,0.0,1.455e-06
7.39e-09,1.0,1.0,0.0,1.455e-06
7.4e-09,1.0,1.0,0.0,1.455e-06
7.41e-09,1.0,1.0,0.0,1.455e-06
7.42e-09,1.0,1.0,0.0,1.455e-06
7.43e-09,1.0,1.0,0.0,1.455e-06
7.44e-09,1.0,1.0,0.0,1.455e-06
7.45e-09,1.0,1.0,0.0,1.455e-06
7.46e-09,1.0,1.0,0.0,1.455e-06
7.47e-09,1.0,1.0,0.0,1.455e-06
7.48e-09,1.0,1.0,0.0,1.455e-06
7.49e-09,1.0,1.0,0.0,1.455e-06
7.5e-09,1.0,1.0,0.0,1.455e-06
7.51e-09,1.0,1.0,0.0,1.455e-06
7.52e-09,1.0,1.0,0.0,1.455e-06
7.53e-09,1.0,1.0,0.0,1.455e-06
7.54e-09,1.0,1.0,0.0,1.455e-06
7.55e-09,1.0,1.0,0.0,1.455e-06
7.56e-09,1.0,1.0,0.0,1.455e-06
7.57e-09,1.0,1.0,0.0,1.455e-06
7.58e-09,1.0,1.0,0.0,1.455e-06
7.59e-09,1.0,1.0,0.0,1.455e-06
7.6e-09,1.0,1.0,0.0,1.455e-06
7.61e-09,1.0,1.0,0.0,1.455e-06
7.62e-09,1.0,1.0,0.0,1.455e-06
7.63e-09,1.0,1.0,0.0,1.455e-06
7.64e-09,1.0,1.0,0.0,1.455e-06
7.65e-09,1.0,1.0,0.0,1.455e-06
7.66e-09,1.0,1.0,0.0,1.455e-06
7.67e-09,1.0,1.0,0.0,1.455e-06
7.68e-09,1.0,1.0,0.0,1.455e-06
7.69e-09,1.0,1.0,0.0,1.455e-06
7.7e-09,1.0,1.0,0.0,1.455e-06
7.71e-09,1.0,1.0,0.0,1.455e-06
7.72e-09,1.0,1.0,0.0,1.455e-06
7.73e-09,1.0,1.0,0.0,1.455e-06
7.74e-09,1.0,1.0,0.0,1.455e-06
7.75e-09,1.0,1.0,0.0,1.455e-06
7.76e-09,1.0,1.0,0.0,1.455e-06
7.77e-09,1.0,1.0,0.0,1.455e-06
7.78e-09,1.0,1.0,0.0,1.455e-06
7.79e-09,1.0,1.0,0.0,1.455e-06
7.8e-09,1.0,1.0,0.0,1.455e-06
7.81e-09,1.0,1.0,0.0,1.455e-06
7.82e-09,1.0,1.0,0.0,1.455e-06
7.83e-09,1.0,1.0,0.0,1.455e-06
7.84e-09,1.0,1.0,0.0,1.455e-06
7.85e-09,1.0,1.0,0.0,1.455e-06
7.86e-09,1.0,1.0,0.0,1.455e-06
7.87e-09,1.0,1.0,0.0,1.455e-06
7.88e-09,1.0,1.0,0.0,1.455e-06
7.89e-09,1.0,1.0,0.0,1.455e-06
7.9e-09,1.0,1.0,0.0,1.455e-06
7.91e-09,1.0,1.0,0.0,1.455e-06
7.92e-09,1.0,1.0,0.0,1.455e-06
7.93e-09,1.0,1.0,0.0,1.455e-06
7.94e-09,1.0,1.0,0.0,1.455e-06
7.95e-09,1.0,1.0,0.0,1.455e-06
7.96e-09,1.0,1.0,0.0,1.455e-06
7.97e-09,1.0,1.0,0.0,1.455e-06
7.98e-09,1.0,1.0,0.0,1.455e-06
7.99e-09,1.0,1.0,0.0,1.455e-06
8e-09,1.0,1.0,0.0,1.455e-06
8.01e-09,1.0,1.0,0.0,1.455e-06
8.02e-09,1.0,1.0,0.0,1.455e-06
8.03e-09,1.0,1.0,0.0,1.455e-06
8.04e-09,1.0,1.0,0.0,1.455e-06
8.05e-09,1.0,1.0,0.0,1.455e-06
8.06e-09,1.0,1.0,0.0,1.455e-06
8.07e-09,1.0,1.0,0.0,1.455e-06
8.08e-09,1.0,1.0,0.0,1.455e-06
8.09e-09,1.0,1.0,0.0,1.455e-06
8.1e-09,1.0,1.0,0.0,1.455e-06
8.11e-09,1.0,1.0,0.0,1.455e-06
8.12e-09,1.0,1.0,0.0,1.455e-06
8.13e-09,1.0,1.0,0.0,1.455e-06
8.14e-09,1.0,1.0,0.0,1.455e-06
8.15e-09,1.0,1.0,0.0,1.455e-06
8.16e-09,1.0,1.0,0.0,1.455e-06
8.17e-09,1.0,1.0,0.0,1.455e-06
8.18e-09,1.0,1.0,0.0,1.455e-06
8.19e-09,1.0,1.0,0.0,1.455e-06
8.2e-09,1.0,1.0,0.0,1.455e-06
8.21e-09,1.0,1.0,0.0,1.455e-06
8.22e-09,1.0,1.0,0.0,1.455e-06
8.23e-09,1.0,1.0,0.0,1.455e-06
8.24e-09,1.0,1.0,0.0,1.455e-06
8.25e-09,1.0,1.0,0.0,1.455e-06
8.26e-09,1.0,1.0,0.0,1.455e-06
8.27e-09,1.0,1.0,0.0,1.455e-06
8.28e-09,1.0,1.0,0.0,1.455e-06
8.29e-09,1.0,1.0,0.0,1.455e-06
8.3e-09,1.0,1.0,0.0,1.455e-06
8.31e-09,1.0,1.0,0.0,1.455e-06
8.32e-09,1.0,1.0,0.0,1.455e-06
8.33e-09,1.0,1.0,0.0,1.455e-06
8.34e-09,1.0,1.0,0.0,1.455e-06
8.35e-09,1.0,1.0,0.0,1.455e-06
8.36e-09,1.0,1.0,0.0,1.455e-06
8.37e-09,1.0,1.0,0.0,1.455e-06
8.38e-09,1.0,1.0,0.0,1.455e-06
8.39e-09,1.0,1.0,0.0,1.455e-06
8.4e-09,1.0,1.0,0.0,1.455e-06
8.41e-09,1.0,1.0,0.0,1.455e-06
8.42e-09,1.0,1.0,0.0,1.455e-06
8.43e-09,1.0,1.0,0.0,1.455e-06
8.44e-09,1.0,1.0,0.0,1.455e-06
8.45e-09,1.0,1.0,0.0,1.455e-06
8.46e-09,1.0,1.0,0.0,1.455e-06
8.47e-09,1.0,1.0,0.0,1.455e-06
8.48e-09,1.0,1.0,0.0,1.455e-06
8.49e-09,1.0,1.0,0.0,1.455e-06
8.5e-09,1.0,1.0,0.0,1.455e-06
8.51e-09,1.0,1.0,0.0,1.455e-06
8.52e-09,1.0,1.0,0.0,1.455e-06
8.53e-09,1.0,1.0,0.0,1.455e-06
8.54e-09,1.0,1.0,0.0,1.455e-06
8.55e-09,1.0,1.0,0.0,1.455e-06
8.56e-09,1.0,1.0,0.0,1.455e-06
8.57e-09,1.0,1.0,0.0,1.455e-06
8.58e-09,1.0,1.0,0.0,1.455e-06
8.59e-09,1.0,1.0,0.0,1.455e-06
8.6e-09,1.0,1.0,0.0,1.455e-06
8.61e-09,1.0,1.0,0.0,1.455e-06
8.62e-09,1.0,1.0,0.0,1.455e-06
8.63e-09,1.0,1.0,0.0,1.455e-06
8.64e-09,1.0,1.0,0.0,1.455e-06
8.65e-09,1.0,1.0,0.0,1.455e-06
8.66e-09,1.0,1.0,0.0,1.455e-06
8.67e-09,1.0,1.0,0.0,1.455e-06
8.68e-09,1.0,1.0,0.0,1.455e-06
8.69e-09,1.0,1.0,0.0,1.455e-06
8.7e-09,1.0,1.0,0.0,1.455e-06
8.71e-09,1.0,1.0,0.0,1.455e-06
8.72e-09,1.0,1.0,0.0,1.455e-06
8.73e-09,1.0,1.0,0.0,1.455e-06
8.74e-09,1.0,1.0,0.0,1.455e-06
8.75e-09,1.0,1.0,0.0,1.455e-06
8.76e-09,1.0,1.0,0.0,1.455e-06
8.77e-09,1.0,1.0,0.0,1.455e-06
8.78e-09,1.0,1.0,0.0,1.455e-06
8.79e-09,1.0,1.0,0.0,1.455e-06
8.8e-09,1.0,1.0,0.0,1.455e-06
8.81e-09,1.0,1.0,0.0,1.455e-06
8.82e-09,1.0,1.0,0.0,1.455e-06
8.83e-09,1.0,1.0,0.0,1.455e-06
8.84e-09,1.0,1.0,0.0,1.455e-06
8.85e-09,1.0,1.0,0.0,1.455e-06
8.86e-09,1.0,1.0,0.0,1.455e-06
8.87e-09,1.0,1.0,0.0,1.455e-06
8.88e-09,1.0,1.0,0.0,1.455e-06
8.89e-09,1.0,1.0,0.0,1.455e-06
8.9e-09,1.0,1.0,0.0,1.455e-06
8.91e-09,1.0,1.0,0.0,1.455e-06
8.92e-09,1.0,1.0,0.0,1.455e-06
8.93e-09,1.0,1.0,0.0,1.455e-06
8.94e-09,1.0,1.0,0.0,1.455e-06
8.95e-09,1.0,1.0,0.0,1.455e-06
8.96e-09,1.0,1.0,0.0,1.455e-06
8.97e-09,1.0,1.0,0.0,1.455e-06
8.98e-09,1.0,1.0,0.0,1.455e-06
8.99e-09,1.0,1.0,0.0,1.455e-06
9e-09,1.0,1.0,0.0,1.455e-06
9.01e-09,1.0,1.0,0.0,1.455e-06
9.02e-09,1.0,1.0,0.0,1.455e-06
9.03e-09,1.0,1.0,0.0,1.455e-06
9.04e-09,1.0,1.0,0.0,1.455e-06
9.05e-09,1.0,1.0,0.0,1.455e-06
9.06e-09,1.0,1.0,0.0,1.455e-06
9.07e-09,1.0,1.0,0.0,1.455e-06
9.08e-09,1.0,1.0,0.0,1.455e-06
9.09e-09,1.0,1.0,0.0,1.455e-06
9.1e-09,1.0,1.0,0.0,1.455e-06
9.11e-09,1.0,1.0,0.0,1.455e-06
9.12e-09,1.0,1.0,0.0,1.455e-06
9.13e-09,1.0,1.0,0.0,1.455e-06
9.14e-09,1.0,1.0,0.0,1.455e-06
9.15e-09,1.0,1.0,0.0,1.455e-06
9.16e-09,1.0,1.0,0.0,1.455e-06
9.17e-09,1.0,1.0,0.0,1.455e-06
9.18e-09,1.0,1.0,0.0,1.455e-06
9.19e-09,1.0,1.0,0.0,1.455e-06
9.2e-09,1.0,1.0,0.0,1.455e-06
9.21e-09,1.0,1.0,0.0,1.455e-06
9.22e-09,1.0,1.0,0.0,1.455e-06
9.23e-09,1.0,1.0,0.0,1.455e-06
9.24e-09,1.0,1.0,0.0,1.455e-06
9.25e-09,1.0,1.0,0.0,1.455e-06
9.26e-09,1.0,1.0,0.0,1.455e-06
9.27e-09,1.0,1.0,0.0,1.455e-06
9.28e-09,1.0,1.0,0.0,1.455e-06
9.29e-09,1.0,1.0,0.0,1.455e-06
9.3e-09,1.0,1.0,0.0,1.455e-06
9.31e-09,1.0,1.0,0.0,1.455e-06
9.32e-09,1.0,1.0,0.0,1.455e-06
9.33e-09,1.0,1.0,0.0,1.455e-06
9.34e-09,1.0,1.0,0.0,1.455e-06
9.35e-09,1.0,1.0,0.0,1.455e-06
9.36e-09,1.0,1.0,0.0,1.455e-06
9.37e-09,1.0,1.0,0.0,1.455e-06
9.38e-09,1.0,1.0,0.0,1.455e-06
9.39e-09,1.0,1.0,0.0,1.455e-06
9.4e-09,1.0,1.0,0.0,1.455e-06
9.41e-09,1.0,1.0,0.0,1.455e-06
9.42e-09,1.0,1.0,0.0,1.455e-06
9.43e-09,1.0,1.0,0.0,1.455e-06
9.44e-09,1.0,1.0,0.0,1.455e-06
9.45e-09,1.0,1.0,0.0,1.455e-06
9.46e-09,1.0,1.0,0.0,1.455e-06
9.47e-09,1.0,1.0,0.0,1.455e-06
9.48e-09,1.0,1.0,0.0,1.455e-06
9.49e-09,1.0,1.0,0.0,1.455e-06
9.5e-09,1.0,1.0,0.0,1.455e-06
9.51e-09,1.0,1.0,0.0,1.455e-06
9.52e-09,1.0,1.0,0.0,1.455e-06
9.53e-09,1.0,1.0,0.0,1.455e-06
9.54e-09,1.0,1.0,0.0,1.455e-06
9.55e-09,1.0,1.0,0.0,1.455e-06
9.56e-09,1.0,1.0,0.0,1.455e-06
9.57e-09,1.0,1.0,0.0,1.455e-06
9.58e-09,1.0,1.0,0.0,1.455e-06
9.59e-09,1.0,1.0,0.0,1.455e-06
9.6e-09,1.0,1.0,0.0,1.455e-06
9.61e-09,1.0,1.0,0.0,1.455e-06
9.62e-09,1.0,1.0,0.0,1.455e-06
9.63e-09,1.0,1.0,0.0,1.455e-06
9.64e-09,1.0,1.0,0.0,1.455e-06
9.65e-09,1.0,1.0,0.0,1.455e-06
9.66e-09,1.0,1.0,0.0,1.455e-06
9.67e-09,1.0,1.0,0.0,1.455e-06
9.68e-09,1.0,1.0,0.0,1.455e-06
9.69e-09,1.0,1.0,0.0,1.455e-06
9.7e-09,1.0,1.0,0.0,1.455e-06
9.71e-09,1.0,1.0,0.0,1.455e-06
9.72e-09,1.0,1.0,0.0,1.455e-06
9.73e-09,1.0,1.0,0.0,1.455e-06
9.74e-09,1.0,1.0,0.0,1.455e-06
9.75e-09,1.0,1.0,0.0,1.455e-06
9.76e-09,1.0,1.0,0.0,1.455e-06
9.77e-09,1.0,1.0,0.0,1.455e-06
9.78e-09,1.0,1.0,0.0,1.455e-06
9.79e-09,1.0,1.0,0.0,1.455e-06
9.8e-09,1.0,1.0,0.0,1.455e-06
9.81e-09,1.0,1.0,0.0,1.455e-06
9.82e-09,1.0,1.0,0.0,1.455e-06
9.83e-09,1.0,1.0,0.0,1.455e-06
9.84e-09,1.0,1.0,0.0,1.455e-06
9.85e-09,1.0,1.0,0.0,1.455e-06
9.86e-09,1.0,1.0,0.0,1.455e-06
9.87e-09,1.0,1.0,0.0,1.455e-06
9.88e-09,1.0,1.0,0.0,1.455e-06
9.89e-09,1.0,1.0,0.0,1.455e-06
9.9e-09,1.0,1.0,0.0,1.455e-06
9.91e-09,1.0,1.0,0.0,1.455e-06
9.92e-09,1.0,1.0,0.0,1.455e-06
9.93e-09,1.0,1.0,0.0,1.455e-06
9.94e-09,1.0,1.0,0.0,1.455e-06
9.95e-09,1.0,1.0,0.0,1.455e-06
9.96e-09,1.0,1.0,0.0,1.455e-06
9.97e-09,1.0,1.0,0.0,1.455e-06
9.98e-09,1.0,1.0,0.0,1.455e-06
9.99e-09,1.0,1.0,0.0,1.455e-06
1e-08,1.0,1.0,0.0,1.455e-06
1.001e-08,1.0,1.0,0.0,1.455e-06
1.002e-08,1.0,1.0,0.0,1.455e-06
1.003e-08,1.0,1.0,0.0,1.455e-06
1.004e-08,1.0,1.0,0.0,1.455e-06
1.005e-08,1.0,1.0,0.0,1.455e-06
1.006e-08,1.0,1.0,0.0,1.455e-06
1.007e-08,1.0,1.0,0.0,1.455e-06
1.008e-08,1.0,1.0,0.0,1.455e-06
1.009e-08,1.0,1.0,0.0,1.455e-06
1.01e-08,1.0,1.0,0.0,1.455e-06
1.011e-08,1.0,1.0,0.0,1.455e-06
1.012e-08,1.0,1.0,0.0,1.455e-06
1.013e-08,1.0,1.0,0.0,1.455e-06
1.014e-08,1.0,1.0,0.0,1.455e-06
1.015e-08,1.0,1.0,0.0,1.455e-06
1.016e-08,1.0,1.0,0.0,1.455e-06
1.017e-08,1.0,1.0,0.0,1.455e-06
1.018e-08,1.0,1.0,0.0,1.455e-06
1.019e-08,1.0,1.0,0.0,1.455e-06
1.02e-08,1.0,1.0,0.0,1.455e-06
1.021e-08,1.0,1.0,0.0,1.455e-06
1.022e-08,1.0,1.0,0.0,1.455e-06
1.023e-08,1.0,1.0,0.0,1.455e-06
1.024e-08,1.0,1.0,0.0,1.455e-06
1.025e-08,1.0,1.0,0.0,1.455e-06
1.026e-08,1.0,1.0,0.0,1.455e-06
1.027e-08,1.0,1.0,0.0,1.455e-06
1.028e-08,1.0,1.0,0.0,1.455e-06
1.029e-08,1.0,1.0,0.0,1.455e-06
1.03e-08,1.0,1.0,0.0,1.455e-06
1.031e-08,1.0,1.0,0.0,1.455e-06
1.032e-08,1.0,1.0,0.0,1.455e-06
1.033e-08,1.0,1.0,0.0,1.455e-06
1.034e-08,1.0,1.0,0.0,1.455e-06
1.035e-08,1.0,1.0,0.0,1.455e-06
1.036e-08,1.0,1.0,0.0,1.455e-06
1.037e-08,1.0,1.0,0.0,1.455e-06
1.038e-08,1.0,1.0,0.0,1.455e-06
1.039e-08,1.0,1.0,0.0,1.455e-06
1.04e-08,1.0,1.0,0.0,1.455e-06
1.041e-08,1.0,1.0,0.0,1.455e-06
1.042e-08,1.0,1.0,0.0,1.455e-06
1.043e-08,1.0,1.0,0.0,1.455e-06
1.044e-08,1.0,1.0,0.0,1.455e-06
1.045e-08,1.0,1.0,0.0,1.455e-06
1.046e-08,1.0,1.0,0.0,1.455e-06
1.047e-08,1.0,1.0,0.0,1.455e-06
1.048e-08,1.0,1.0,0.0,1.455e-06
1.049e-08,1.0,1.0,0.0,1.455e-06
1.05e-08,1.0,1.0,0.0,1.455e-06
1.051e-08,1.0,1.0,0.0,1.455e-06
1.052e-08,1.0,1.0,0.0,1.455e-06
1.053e-08,1.0,1.0,0.0,1.455e-06
1.054e-08,1.0,1.0,0.0,1.455e-06
1.055e-08,1.0,1.0,0.0,1.455e-06
1.056e-08,1.0,1.0,0.0,1.455e-06
1.057e-08,1.0,1.0,0.0,1.455e-06
1.058e-08,1.0,1.0,0.0,1.455e-06
1.059e-08,1.0,1.0,0.0,1.455e-06
1.06e-08,1.0,1.0,0.0,1.455e-06
1.061e-08,1.0,1.0,0.0,1.455e-06
1.062e-08,1.0,1.0,0.0,1.455e-06
1.063e-08,1.0,1.0,0.0,1.455e-06
1.064e-08,1.0,1.0,0.0,1.455e-06
1.065e-08,1.0,1.0,0.0,1.455e-06
1.066e-08,1.0,1.0,0.0,1.455e-06
1.067e-08,1.0,1.0,0.0,1.455e-06
1.068e-08,1.0,1.0,0.0,1.455e-06
1.069e-08,1.0,1.0,0.0,1.455e-06
1.07e-08,1.0,1.0,0.0,1.455e-06
1.071e-08,1.0,1.0,0.0,1.455e-06
1.072e-08,1.0,1.0,0.0,1.455e-06
1.073e-08,1.0,1.0,0.0,1.455e-06
1.074e-08,1.0,1.0,0.0,1.455e-06
1.075e-08,1.0,1.0,0.0,1.455e-06
1.076e-08,1.0,1.0,0.0,1.455e-06
1.077e-08,1.0,1.0,0.0,1.455e-06
1.078e-08,1.0,1.0,0.0,1.455e-06
1.079e-08,1.0,1.0,0.0,1.455e-06
1.08e-08,1.0,1.0,0.0,1.455e-06
1.081e-08,1.0,1.0,0.0,1.455e-06
1.082e-08,1.0,1.0,0.0,1.455e-06
1.083e-08,1.0,1.0,0.0,1.455e-06
1.084e-08,1.0,1.0,0.0,1.455e-06
1.085e-08,1.0,1.0,0.0,1.455e-06
1.086e-08,1.0,1.0,0.0,1.455e-06
1.087e-08,1.0,1.0,0.0,1.455e-06
1.088e-08,1.0,1.0,0.0,1.455e-06
1.089e-08,1.0,1.0,0.0,1.455e-06
1.09e-08,1.0,1.0,0.0,1.455e-06
1.091e-08,1.0,1.0,0.0,1.455e-06
1.092e-08,1.0,1.0,0.0,1.455e-06
1.093e-08,1.0,1.0,0.0,1.455e-06
1.094e-08,1.0,1.0,0.0,1.455e-06
1.095e-08,1.0,1.0,0.0,1.455e-06
1.096e-08,1.0,1.0,0.0,1.455e-06
1.097e-08,1.0,1.0,0.0,1.455e-06
1.098e-08,1.0,1.0,0.0,1.455e-06
1.099e-08,1.0,1.0,0.0,1.455e-06
1.1e-08,1.0,1.0,0.0,1.455e-06
1.101e-08,1.0,1.0,0.0,1.455e-06
1.102e-08,1.0,1.0,0.0,1.455e-06
1.103e-08,1.0,1.0,0.0,1.455e-06
1.104e-08,1.0,1.0,0.0,1.455e-06
1.105e-08,1.0,1.0,0.0,1.455e-06
1.106e-08,1.0,1.0,0.0,1.455e-06
1.107e-08,1.0,1.0,0.0,1.455e-06
1.108e-08,1.0,1.0,0.0,1.455e-06
1.109e-08,1.0,1.0,0.0,1.455e-06
1.11e-08,1.0,1.0,0.0,1.455e-06
1.111e-08,1.0,1.0,0.0,1.455e-06
1.112e-08,1.0,1.0,0.0,1.455e-06
1.113e-08,1.0,1.0,0.0,1.455e-06
1.114e-08,1.0,1.0,0.0,1.455e-06
1.115e-08,1.0,1.0,0.0,1.455e-06
1.116e-08,1.0,1.0,0.0,1.455e-06
1.117e-08,1.0,1.0,0.0,1.455e-06
1.118e-08,1.0,1.0,0.0,1.455e-06
1.119e-08,1.0,1.0,0.0,1.455e-06
1.12e-08,1.0,1.0,0.0,1.455e-06
1.121e-08,1.0,1.0,0.0,1.455e-06
1.122e-08,1.0,1.0,0.0,1.455e-06
1.123e-08,1.0,1.0,0.0,1.455e-06
1.124e-08,1.0,1.0,0.0,1.455e-06
1.125e-08,1.0,1.0,0.0,1.455e-06
1.126e-08,1.0,1.0,0.0,1.455e-06
1.127e-08,1.0,1.0,0.0,1.455e-06
1.128e-08,1.0,1.0,0.0,1.455e-06
1.129e-08,1.0,1.0,0.0,1.455e-06
1.13e-08,1.0,1.0,0.0,1.455e-06
1.131e-08,1.0,1.0,0.0,1.455e-06
1.132e-08,1.0,1.0,0.0,1.455e-06
1.133e-08,1.0,1.0,0.0,1.455e-06
1.134e-08,1.0,1.0,0.0,1.455e-06
1.135e-08,1.0,1.0,0.0,1.455e-06
1.136e-08,1.0,1.0,0.0,1.455e-06
1.137e-08,1.0,1.0,0.0,1.455e-06
1.138e-08,1.0,1.0,0.0,1.455e-06
1.139e-08,1.0,1.0,0.0,1.455e-06
1.14e-08,1.0,1.0,0.0,1.455e-06
1.141e-08,1.0,1.0,0.0,1.455e-06
1.142e-08,1.0,1.0,0.0,1.455e-06
1.143e-08,1.0,1.0,0.0,1.455e-06
1.144e-08,1.0,1.0,0.0,1.455e-06
1.145e-08,1.0,1.0,0.0,1.455e-06
1.146e-08,1.0,1.0,0.0,1.455e-06
1.147e-08,1.0,1.0,0.0,1.455e-06
1.148e-08,1.0,1.0,0.0,1.455e-06
1.149e-08,1.0,1.0,0.0,1.455e-06
1.15e-08,1.0,1.0,0.0,1.455e-06
1.151e-08,1.0,1.0,0.0,1.455e-06
1.152e-08,1.0,1.0,0.0,1.455e-06
1.153e-08,1.0,1.0,0.0,1.455e-06
1.154e-08,1.0,1.0,0.0,1.455e-06
1.155e-08,1.0,1.0,0.0,1.455e-06
1.156e-08,1.0,1.0,0.0,1.455e-06
1.157e-08,1.0,1.0,0.0,1.455e-06
1.158e-08,1.0,1.0,0.0,1.455e-06
1.159e-08,1.0,1.0,0.0,1.455e-06
1.16e-08,1.0,1.0,0.0,1.455e-06
1.161e-08,1.0,1.0,0.0,1.455e-06
1.162e-08,1.0,1.0,0.0,1.455e-06
1.163e-08,1.0,1.0,0.0,1.455e-06
1.164e-08,1.0,1.0,0.0,1.455e-06
1.165e-08,1.0,1.0,0.0,1.455e-06
1.166e-08,1.0,1.0,0.0,1.455e-06
1.167e-08,1.0,1.0,0.0,1.455e-06
1.168e-08,1.0,1.0,0.0,1.455e-06
1.169e-08,1.0,1.0,0.0,1.455e-06
1.17e-08,1.0,1.0,0.0,1.455e-06
1.171e-08,1.0,1.0,0.0,1.455e-06
1.172e-08,1.0,1.0,0.0,1.455e-06
1.173e-08,1.0,1.0,0.0,1.455e-06
1.174e-08,1.0,1.0,0.0,1.455e-06
1.175e-08,1.0,1.0,0.0,1.455e-06
1.176e-08,1.0,1.0,0.0,1.455e-06
1.177e-08,1.0,1.0,0.0,1.455e-06
1.178e-08,1.0,1.0,0.0,1.455e-06
1.179e-08,1.0,1.0,0.0,1.455e-06
1.18e-08,1.0,1.0,0.0,1.455e-06
1.181e-08,1.0,1.0,0.0,1.455e-06
1.182e-08,1.0,1.0,0.0,1.455e-06
1.183e-08,1.0,1.0,0.0,1.455e-06
1.184e-08,1.0,1.0,0.0,1.455e-06
1.185e-08,1.0,1.0,0.0,1.455e-06
1.186e-08,1.0,1.0,0.0,1.455e-06
1.187e-08,1.0,1.0,0.0,1.455e-06
1.188e-08,1.0,1.0,0.0,1.455e-06
1.189e-08,1.0,1.0,0.0,1.455e-06
1.19e-08,1.0,1.0,0.0,1.455e-06
1.191e-08,1.0,1.0,0.0,1.455e-06
1.192e-08,1.0,1.0,0.0,1.455e-06
1.193e-08,1.0,1.0,0.0,1.455e-06
1.194e-08,1.0,1.0,0.0,1.455e-06
1.195e-08,1.0,1.0,0.0,1.455e-06
1.196e-08,1.0,1.0,0.0,1.455e-06
1.197e-08,1.0,1.0,0.0,1.455e-06
1.198e-08,1.0,1.0,0.0,1.455e-06
1.199e-08,1.0,1.0,0.0,1.455e-06
1.2e-08,1.0,1.0,0.0,1.455e-06
1.201e-08,1.0,1.0,0.0,1.455e-06
1.202e-08,1.0,1.0,0.0,1.455e-06
1.203e-08,1.0,1.0,0.0,1.455e-06
1.204e-08,1.0,1.0,0.0,1.455e-06
1.205e-08,1.0,1.0,0.0,1.455e-06
1.206e-08,1.0,1.0,0.0,1.455e-06
1.207e-08,1.0,1.0,0.0,1.455e-06
1.208e-08,1.0,1.0,0.0,1.455e-06
1.209e-08,1.0,1.0,0.0,1.455e-06
1.21e-08,1.0,1.0,0.0,1.455e-06
1.211e-08,1.0,1.0,0.0,1.455e-06
1.212e-08,1.0,1.0,0.0,1.455e-06
1.213e-08,1.0,1.0,0.0,1.455e-06
1.214e-08,1.0,1.0,0.0,1.455e-06
1.215e-08,1.0,1.0,0.0,1.455e-06
1.216e-08,1.0,1.0,0.0,1.455e-06
1.217e-08,1.0,1.0,0.0,1.455e-06
1.218e-08,1.0,1.0,0.0,1.455e-06
1.219e-08,1.0,1.0,0.0,1.455e-06
1.22e-08,1.0,1.0,0.0,1.455e-06
1.221e-08,1.0,1.0,0.0,1.455e-06
1.222e-08,1.0,1.0,0.0,1.455e-06
1.223e-08,1.0,1.0,0.0,1.455e-06
1.224e-08,1.0,1.0,0.0,1.455e-06
1.225e-08,1.0,1.0,0.0,1.455e-06
1.226e-08,1.0,1.0,0.0,1.455e-06
1.227e-08,1.0,1.0,0.0,1.455e-06
1.228e-08,1.0,1.0,0.0,1.455e-06
1.229e-08,1.0,1.0,0.0,1.455e-06
1.23e-08,1.0,1.0,0.0,1.455e-06
1.231e-08,1.0,1.0,0.0,1.455e-06
1.232e-08,1.0,1.0,0.0,1.455e-06
1.233e-08,1.0,1.0,0.0,1.455e-06
1.234e-08,1.0,1.0,0.0,1.455e-06
1.235e-08,1.0,1.0,0.0,1.455e-06
1.236e-08,1.0,1.0,0.0,1.455e-06
1.237e-08,1.0,1.0,0.0,1.455e-06
1.238e-08,1.0,1.0,0.0,1.455e-06
1.239e-08,1.0,1.0,0.0,1.455e-06
1.24e-08,1.0,1.0,0.0,1.455e-06
1.241e-08,1.0,1.0,0.0,1.455e-06
1.242e-08,1.0,1.0,0.0,1.455e-06
1.243e-08,1.0,1.0,0.0,1.455e-06
1.244e-08,1.0,1.0,0.0,1.455e-06
1.245e-08,1.0,1.0,0.0,1.455e-06
1.246e-08,1.0,1.0,0.0,1.455e-06
1.247e-08,1.0,1.0,0.0,1.455e-06
1.248e-08,1.0,1.0,0.0,1.455e-06
1.249e-08,1.0,1.0,0.0,1.455e-06
1.25e-08,1.0,1.0,0.0,1.455e-06
1.251e-08,1.0,1.0,0.0,1.455e-06
1.252e-08,1.0,1.0,0.0,1.455e-06
1.253e-08,1.0,1.0,0.0,1.455e-06
1.254e-08,1.0,1.0,0.0,1.455e-06
1.255e-08,1.0,1.0,0.0,1.455e-06
1.256e-08,1.0,1.0,0.0,1.455e-06
1.257e-08,1.0,1.0,0.0,1.455e-06
1.258e-08,1.0,1.0,0.0,1.455e-06
1.259e-08,1.0,1.0,0.0,1.455e-06
1.26e-08,1.0,1.0,0.0,1.455e-06
1.261e-08,1.0,1.0,0.0,1.455e-06
1.262e-08,1.0,1.0,0.0,1.455e-06
1.263e-08,1.0,1.0,0.0,1.455e-06
1.264e-08,1.0,1.0,0.0,1.455e-06
1.265e-08,1.0,1.0,0.0,1.455e-06
1.266e-08,1.0,1.0,0.0,1.455e-06
1.267e-08,1.0,1.0,0.0,1.455e-06
1.268e-08,1.0,1.0,0.0,1.455e-06
1.269e-08,1.0,1.0,0.0,1.455e-06
1.27e-08,1.0,1.0,0.0,1.455e-06
1.271e-08,1.0,1.0,0.0,1.455e-06
1.272e-08,1.0,1.0,0.0,1.455e-06
1.273e-08,1.0,1.0,0.0,1.455e-06
1.274e-08,1.0,1.0,0.0,1.455e-06
1.275e-08,1.0,1.0,0.0,1.455e-06
1.276e-08,1.0,1.0,0.0,1.455e-06
1.277e-08,1.0,1.0,0.0,1.455e-06
1.278e-08,1.0,1.0,0.0,1.455e-06
1.279e-08,1.0,1.0,0.0,1.455e-06
1.28e-08,1.0,1.0,0.0,1.455e-06
1.281e-08,1.0,1.0,0.0,1.455e-06
1.282e-08,1.0,1.0,0.0,1.455e-06
1.283e-08,1.0,1.0,0.0,1.455e-06
1.284e-08,1.0,1.0,0.0,1.455e-06
1.285e-08,1.0,1.0,0.0,1.455e-06
1.286e-08,1.0,1.0,0.0,1.455e-06
1.287e-08,1.0,1.0,0.0,1.455e-06
1.288e-08,1.0,1.0,0.0,1.455e-06
1.289e-08,1.0,1.0,0.0,1.455e-06
1.29e-08,1.0,1.0,0.0,1.455e-06
1.291e-08,1.0,1.0,0.0,1.455e-06
1.292e-08,1.0,1.0,0.0,1.455e-06
1.293e-08,1.0,1.0,0.0,1.455e-06
1.294e-08,1.0,1.0,0.0,1.455e-06
1.295e-08,1.0,1.0,0.0,1.455e-06
1.296e-08,1.0,1.0,0.0,1.455e-06
1.297e-08,1.0,1.0,0.0,1.455e-06
1.298e-08,1.0,1.0,0.0,1.455e-06
1.299e-08,1.0,1.0,0.0,1.455e-06
1.3e-08,1.0,1.0,0.0,1.455e-06
1.301e-08,1.0,1.0,0.0,1.455e-06
1.302e-08,1.0,1.0,0.0,1.455e-06
1.303e-08,1.0,1.0,0.0,1.455e-06
1.304e-08,1.0,1.0,0.0,1.455e-06
1.305e-08,1.0,1.0,0.0,1.455e-06
1.306e-08,1.0,1.0,0.0,1.455e-06
1.307e-08,1.0,1.0,0.0,1.455e-06
1.308e-08,1.0,1.0,0.0,1.455e-06
1.309e-08,1.0,1.0,0.0,1.455e-06
1.31e-08,1.0,1.0,0.0,1.455e-06
1.311e-08,1.0,1.0,0.0,1.455e-06
1.312e-08,1.0,1.0,0.0,1.455e-06
1.313e-08,1.0,1.0,0.0,1.455e-06
1.314e-08,1.0,1.0,0.0,1.455e-06
1.315e-08,1.0,1.0,0.0,1.455e-06
1.316e-08,1.0,1.0,0.0,1.455e-06
1.317e-08,1.0,1.0,0.0,1.455e-06
1.318e-08,1.0,1.0,0.0,1.455e-06
1.319e-08,1.0,1.0,0.0,1.455e-06
1.32e-08,1.0,1.0,0.0,1.455e-06
1.321e-08,1.0,1.0,0.0,1.455e-06
1.322e-08,1.0,1.0,0.0,1.455e-06
1.323e-08,1.0,1.0,0.0,1.455e-06
1.324e-08,1.0,1.0,0.0,1.455e-06
1.325e-08,1.0,1.0,0.0,1.455e-06
1.326e-08,1.0,1.0,0.0,1.455e-06
1.327e-08,1.0,1.0,0.0,1.455e-06
1.328e-08,1.0,1.0,0.0,1.455e-06
1.329e-08,1.0,1.0,0.0,1.455e-06
1.33e-08,1.0,1.0,0.0,1.455e-06
1.331e-08,1.0,1.0,0.0,1.455e-06
1.332e-08,1.0,1.0,0.0,1.455e-06
1.333e-08,1.0,1.0,0.0,1.455e-06
1.334e-08,1.0,1.0,0.0,1.455e-06
1.335e-08,1.0,1.0,0.0,1.455e-06
1.336e-08,1.0,1.0,0.0,1.455e-06
1.337e-08,1.0,1.0,0.0,1.455e-06
1.338e-08,1.0,1.0,0.0,1.455e-06
1.339e-08,1.0,1.0,0.0,1.455e-06
1.34e-08,1.0,1.0,0.0,1.455e-06
1.341e-08,1.0,1.0,0.0,1.455e-06
1.342e-08,1.0,1.0,0.0,1.455e-06
1.343e-08,1.0,1.0,0.0,1.455e-06
1.344e-08,1.0,1.0,0.0,1.455e-06
1.345e-08,1.0,1.0,0.0,1.455e-06
1.346e-08,1.0,1.0,0.0,1.455e-06
1.347e-08,1.0,1.0,0.0,1.455e-06
1.348e-08,1.0,1.0,0.0,1.455e-06
1.349e-08,1.0,1.0,0.0,1.455e-06
1.35e-08,1.0,1.0,0.0,1.455e-06
1.351e-08,1.0,1.0,0.0,1.455e-06
1.352e-08,1.0,1.0,0.0,1.455e-06
1.353e-08,1.0,1.0,0.0,1.455e-06
1.354e-08,1.0,1.0,0.0,1.455e-06
1.355e-08,1.0,1.0,0.0,1.455e-06
1.356e-08,1.0,1.0,0.0,1.455e-06
1.357e-08,1.0,1.0,0.0,1.455e-06
1.358e-08,1.0,1.0,0.0,1.455e-06
1.359e-08,1.0,1.0,0.0,1.455e-06
1.36e-08,1.0,1.0,0.0,1.455e-06
1.361e-08,1.0,1.0,0.0,1.455e-06
1.362e-08,1.0,1.0,0.0,1.455e-06
1.363e-08,1.0,1.0,0.0,1.455e-06
1.364e-08,1.0,1.0,0.0,1.455e-06
1.365e-08,1.0,1.0,0.0,1.455e-06
1.366e-08,1.0,1.0,0.0,1.455e-06
1.367e-08,1.0,1.0,0.0,1.455e-06
1.368e-08,1.0,1.0,0.0,1.455e-06
1.369e-08,1.0,1.0,0.0,1.455e-06
1.37e-08,1.0,1.0,0.0,1.455e-06
1.371e-08,1.0,1.0,0.0,1.455e-06
1.372e-08,1.0,1.0,0.0,1.455e-06
1.373e-08,1.0,1.0,0.0,1.455e-06
1.374e-08,1.0,1.0,0.0,1.455e-06
1.375e-08,1.0,1.0,0.0,1.455e-06
1.376e-08,1.0,1.0,0.0,1.455e-06
1.377e-08,1.0,1.0,0.0,1.455e-06
1.378e-08,1.0,1.0,0.0,1.455e-06
1.379e-08,1.0,1.0,0.0,1.455e-06
1.38e-08,1.0,1.0,0.0,1.455e-06
1.381e-08,1.0,1.0,0.0,1.455e-06
1.382e-08,1.0,1.0,0.0,1.455e-06
1.383e-08,1.0,1.0,0.0,1.455e-06
1.384e-08,1.0,1.0,0.0,1.455e-06
1.385e-08,1.0,1.0,0.0,1.455e-06
1.386e-08,1.0,1.0,0.0,1.455e-06
1.387e-08,1.0,1.0,0.0,1.455e-06
1.388e-08,1.0,1.0,0.0,1.455e-06
1.389e-08,1.0,1.0,0.0,1.455e-06
1.39e-08,1.0,1.0,0.0,1.455e-06
1.391e-08,1.0,1.0,0.0,1.455e-06
1.392e-08,1.0,1.0,0.0,1.455e-06
1.393e-08,1.0,1.0,0.0,1.455e-06
1.394e-08,1.0,1.0,0.0,1.455e-06
1.395e-08,1.0,1.0,0.0,1.455e-06
1.396e-08,1.0,1.0,0.0,1.455e-06
1.397e-08,1.0,1.0,0.0,1.455e-06
1.398e-08,1.0,1.0,0.0,1.455e-06
1.399e-08,1.0,1.0,0.0,1.455e-06
1.4e-08,1.0,1.0,0.0,1.455e-06
1.401e-08,1.0,1.0,0.0,1.455e-06
1.402e-08,1.0,1.0,0.0,1.455e-06
1.403e-08,1.0,1.0,0.0,1.455e-06
1.404e-08,1.0,1.0,0.0,1.455e-06
1.405e-08,1.0,1.0,0.0,1.455e-06
1.406e-08,1.0,1.0,0.0,1.455e-06
1.407e-08,1.0,1.0,0.0,1.455e-06
1.408e-08,1.0,1.0,0.0,1.455e-06
1.409e-08,1.0,1.0,0.0,1.455e-06
1.41e-08,1.0,1.0,0.0,1.455e-06
1.411e-08,1.0,1.0,0.0,1.455e-06
1.412e-08,1.0,1.0,0.0,1.455e-06
1.413e-08,1.0,1.0,0.0,1.455e-06
1.414e-08,1.0,1.0,0.0,1.455e-06
1.415e-08,1.0,1.0,0.0,1.455e-06
1.416e-08,1.0,1.0,0.0,1.455e-06
1.417e-08,1.0,1.0,0.0,1.455e-06
1.418e-08,1.0,1.0,0.0,1.455e-06
1.419e-08,1.0,1.0,0.0,1.455e-06
1.42e-08,1.0,1.0,0.0,1.455e-06
1.421e-08,1.0,1.0,0.0,1.455e-06
1.422e-08,1.0,1.0,0.0,1.455e-06
1.423e-08,1.0,1.0,0.0,1.455e-06
1.424e-08,1.0,1.0,0.0,1.455e-06
1.425e-08,1.0,1.0,0.0,1.455e-06
1.426e-08,1.0,1.0,0.0,1.455e-06
1.427e-08,1.0,1.0,0.0,1.455e-06
1.428e-08,1.0,1.0,0.0,1.455e-06
1.429e-08,1.0,1.0,0.0,1.455e-06
1.43e-08,1.0,1.0,0.0,1.455e-06
1.431e-08,1.0,1.0,0.0,1.455e-06
1.432e-08,1.0,1.0,0.0,1.455e-06
1.433e-08,1.0,1.0,0.0,1.455e-06
1.434e-08,1.0,1.0,0.0,1.455e-06
1.435e-08,1.0,1.0,0.0,1.455e-06
1.436e-08,1.0,1.0,0.0,1.455e-06
1.437e-08,1.0,1.0,0.0,1.455e-06
1.438e-08,1.0,1.0,0.0,1.455e-06
1.439e-08,1.0,1.0,0.0,1.455e-06
1.44e-08,1.0,1.0,0.0,1.455e-06
1.441e-08,1.0,1.0,0.0,1.455e-06
1.442e-08,1.0,1.0,0.0,1.455e-06
1.443e-08,1.0,1.0,0.0,1.455e-06
1.444e-08,1.0,1.0,0.0,1.455e-06
1.445e-08,1.0,1.0,0.0,1.455e-06
1.446e-08,1.0,1.0,0.0,1.455e-06
1.447e-08,1.0,1.0,0.0,1.455e-06
1.448e-08,1.0,1.0,0.0,1.455e-06
1.449e-08,1.0,1.0,0.0,1.455e-06
1.45e-08,1.0,1.0,0.0,1.455e-06
1.451e-08,1.0,1.0,0.0,1.455e-06
1.452e-08,1.0,1.0,0.0,1.455e-06
1.453e-08,1.0,1.0,0.0,1.455e-06
1.454e-08,1.0,1.0,0.0,1.455e-06
1.455e-08,1.0,1.0,0.0,1.455e-06
1.456e-08,1.0,1.0,0.0,1.455e-06
1.457e-08,1.0,1.0,0.0,1.455e-06
1.458e-08,1.0,1.0,0.0,1.455e-06
1.459e-08,1.0,1.0,0.0,1.455e-06
1.46e-08,1.0,1.0,0.0,1.455e-06
1.461e-08,1.0,1.0,0.0,1.455e-06
1.462e-08,1.0,1.0,0.0,1.455e-06
1.463e-08,1.0,1.0,0.0,1.455e-06
1.464e-08,1.0,1.0,0.0,1.455e-06
1.465e-08,1.0,1.0,0.0,1.455e-06
1.466e-08,1.0,1.0,0.0,1.455e-06
1.467e-08,1.0,1.0,0.0,1.455e-06
1.468e-08,1.0,1.0,0.0,1.455e-06
1.469e-08,1.0,1.0,0.0,1.455e-06
1.47e-08,1.0,1.0,0.0,1.455e-06
1.471e-08,1.0,1.0,0.0,1.455e-06
1.472e-08,1.0,1.0,0.0,1.455e-06
1.473e-08,1.0,1.0,0.0,1.455e-06
1.474e-08,1.0,1.0,0.0,1.455e-06
1.475e-08,1.0,1.0,0.0,1.455e-06
1.476e-08,1.0,1.0,0.0,1.455e-06
1.477e-08,1.0,1.0,0.0,1.455e-06
1.478e-08,1.0,1.0,0.0,1.455e-06
1.479e-08,1.0,1.0,0.0,1.455e-06
1.48e-08,1.0,1.0,0.0,1.455e-06
1.481e-08,1.0,1.0,0.0,1.455e-06
1.482e-08,1.0,1.0,0.0,1.455e-06
1.483e-08,1.0,1.0,0.0,1.455e-06
1.484e-08,1.0,1.0,0.0,1.455e-06
1.485e-08,1.0,1.0,0.0,1.455e-06
1.486e-08,1.0,1.0,0.0,1.455e-06
1.487e-08,1.0,1.0,0.0,1.455e-06
1.488e-08,1.0,1.0,0.0,1.455e-06
1.489e-08,1.0,1.0,0.0,1.455e-06
1.49e-08,1.0,1.0,0.0,1.455e-06
1.491e-08,1.0,1.0,0.0,1.455e-06
1.492e-08,1.0,1.0,0.0,1.455e-06
1.493e-08,1.0,1.0,0.0,1.455e-06
1.494e-08,1.0,1.0,0.0,1.455e-06
1.495e-08,1.0,1.0,0.0,1.455e-06
1.496e-08,1.0,1.0,0.0,1.455e-06
1.497e-08,1.0,1.0,0.0,1.455e-06
1.498e-08,1.0,1.0,0.0,1.455e-06
1.499e-08,1.0,1.0,0.0,1.455e-06
1.5e-08,1.0,1.0,0.0,1.455e-06
1.501e-08,1.0,1.0,0.0,1.455e-06
1.502e-08,1.0,1.0,0.0,1.455e-06
1.503e-08,1.0,1.0,0.0,1.455e-06
1.504e-08,1.0,1.0,0.0,1.455e-06
1.505e-08,1.0,1.0,0.0,1.455e-06
1.506e-08,1.0,1.0,0.0,1.455e-06
1.507e-08,1.0,1.0,0.0,1.455e-06
1.508e-08,1.0,1.0,0.0,1.455e-06
1.509e-08,1.0,1.0,0.0,1.455e-06
1.51e-08,1.0,1.0,0.0,1.455e-06
1.511e-08,1.0,1.0,0.0,1.455e-06
1.512e-08,1.0,1.0,0.0,1.455e-06
1.513e-08,1.0,1.0,0.0,1.455e-06
1.514e-08,1.0,1.0,0.0,1.455e-06
1.515e-08,1.0,1.0,0.0,1.455e-06
1.516e-08,1.0,1.0,0.0,1.455e-06
1.517e-08,1.0,1.0,0.0,1.455e-06
1.518e-08,1.0,1.0,0.0,1.455e-06
1.519e-08,1.0,1.0,0.0,1.455e-06
1.52e-08,1.0,1.0,0.0,1.455e-06
1.521e-08,1.0,1.0,0.0,1.455e-06
1.522e-08,1.0,1.0,0.0,1.455e-06
1.523e-08,1.0,1.0,0.0,1.455e-06
1.524e-08,1.0,1.0,0.0,1.455e-06
1.525e-08,1.0,1.0,0.0,1.455e-06
1.526e-08,1.0,1.0,0.0,1.455e-06
1.527e-08,1.0,1.0,0.0,1.455e-06
1.528e-08,1.0,1.0,0.0,1.455e-06
1.529e-08,1.0,1.0,0.0,1.455e-06
1.53e-08,1.0,1.0,0.0,1.455e-06
1.531e-08,1.0,1.0,0.0,1.455e-06
1.532e-08,1.0,1.0,0.0,1.455e-06
1.533e-08,1.0,1.0,0.0,1.455e-06
1.534e-08,1.0,1.0,0.0,1.455e-06
1.535e-08,1.0,1.0,0.0,1.455e-06
1.536e-08,1.0,1.0,0.0,1.455e-06
1.537e-08,1.0,1.0,0.0,1.455e-06
1.538e-08,1.0,1.0,0.0,1.455e-06
1.539e-08,1.0,1.0,0.0,1.455e-06
1.54e-08,1.0,1.0,0.0,1.455e-06
1.541e-08,1.0,1.0,0.0,1.455e-06
1.542e-08,1.0,1.0,0.0,1.455e-06
1.543e-08,1.0,1.0,0.0,1.455e-06
1.544e-08,1.0,1.0,0.0,1.455e-06
1.545e-08,1.0,1.0,0.0,1.455e-06
1.546e-08,1.0,1.0,0.0,1.455e-06
1.547e-08,1.0,1.0,0.0,1.455e-06
1.548e-08,1.0,1.0,0.0,1.455e-06
1.549e-08,1.0,1.0,0.0,1.455e-06
1.55e-08,1.0,1.0,0.0,1.455e-06
1.551e-08,1.0,1.0,0.0,1.455e-06
1.552e-08,1.0,1.0,0.0,1.455e-06
1.553e-08,1.0,1.0,0.0,1.455e-06
1.554e-08,1.0,1.0,0.0,1.455e-06
1.555e-08,1.0,1.0,0.0,1.455e-06
1.556e-08,1.0,1.0,0.0,1.455e-06
1.557e-08,1.0,1.0,0.0,1.455e-06
1.558e-08,1.0,1.0,0.0,1.455e-06
1.559e-08,1.0,1.0,0.0,1.455e-06
1.56e-08,1.0,1.0,0.0,1.455e-06
1.561e-08,1.0,1.0,0.0,1.455e-06
1.562e-08,1.0,1.0,0.0,1.455e-06
1.563e-08,1.0,1.0,0.0,1.455e-06
1.564e-08,1.0,1.0,0.0,1.455e-06
1.565e-08,1.0,1.0,0.0,1.455e-06
1.566e-08,1.0,1.0,0.0,1.455e-06
1.567e-08,1.0,1.0,0.0,1.455e-06
1.568e-08,1.0,1.0,0.0,1.455e-06
1.569e-08,1.0,1.0,0.0,1.455e-06
1.57e-08,1.0,1.0,0.0,1.455e-06
1.571e-08,1.0,1.0,0.0,1.455e-06
1.572e-08,1.0,1.0,0.0,1.455e-06
1.573e-08,1.0,1.0,0.0,1.455e-06
1.574e-08,1.0,1.0,0.0,1.455e-06
1.575e-08,1.0,1.0,0.0,1.455e-06
1.576e-08,1.0,1.0,0.0,1.455e-06
1.577e-08,1.0,1.0,0.0,1.455e-06
1.578e-08,1.0,1.0,0.0,1.455e-06
1.579e-08,1.0,1.0,0.0,1.455e-06
1.58e-08,1.0,1.0,0.0,1.455e-06
1.581e-08,1.0,1.0,0.0,1.455e-06
1.582e-08,1.0,1.0,0.0,1.455e-06
1.583e-08,1.0,1.0,0.0,1.455e-06
1.584e-08,1.0,1.0,0.0,1.455e-06
1.585e-08,1.0,1.0,0.0,1.455e-06
1.586e-08,1.0,1.0,0.0,1.455e-06
1.587e-08,1.0,1.0,0.0,1.455e-06
1.588e-08,1.0,1.0,0.0,1.455e-06
1.589e-08,1.0,1.0,0.0,1.455e-06
1.59e-08,1.0,1.0,0.0,1.455e-06
1.591e-08,1.0,1.0,0.0,1.455e-06
1.592e-08,1.0,1.0,0.0,1.455e-06
1.593e-08,1.0,1.0,0.0,1.455e-06
1.594e-08,1.0,1.0,0.0,1.455e-06
1.595e-08,1.0,1.0,0.0,1.455e-06
1.596e-08,1.0,1.0,0.0,1.455e-06
1.597e-08,1.0,1.0,0.0,1.455e-06
1.598e-08,1.0,1.0,0.0,1.455e-06
1.599e-08,1.0,1.0,0.0,1.455e-06
1.6e-08,1.0,1.0,0.0,1.455e-06
1.601e-08,1.0,1.0,0.0,1.455e-06
1.602e-08,1.0,1.0,0.0,1.455e-06
1.603e-08,1.0,1.0,0.0,1.455e-06
1.604e-08,1.0,1.0,0.0,1.455e-06
1.605e-08,1.0,1.0,0.0,1.455e-06
1.606e-08,1.0,1.0,0.0,1.455e-06
1.607e-08,1.0,1.0,0.0,1.455e-06
1.608e-08,1.0,1.0,0.0,1.455e-06
1.609e-08,1.0,1.0,0.0,1.455e-06
1.61e-08,1.0,1.0,0.0,1.455e-06
1.611e-08,1.0,1.0,0.0,1.455e-06
1.612e-08,1.0,1.0,0.0,1.455e-06
1.613e-08,1.0,1.0,0.0,1.455e-06
1.614e-08,1.0,1.0,0.0,1.455e-06
1.615e-08,1.0,1.0,0.0,1.455e-06
1.616e-08,1.0,1.0,0.0,1.455e-06
1.617e-08,1.0,1.0,0.0,1.455e-06
1.618e-08,1.0,1.0,0.0,1.455e-06
1.619e-08,1.0,1.0,0.0,1.455e-06
1.62e-08,1.0,1.0,0.0,1.455e-06
1.621e-08,1.0,1.0,0.0,1.455e-06
1.622e-08,1.0,1.0,0.0,1.455e-06
1.623e-08,1.0,1.0,0.0,1.455e-06
1.624e-08,1.0,1.0,0.0,1.455e-06
1.625e-08,1.0,1.0,0.0,1.455e-06
1.626e-08,1.0,1.0,0.0,1.455e-06
1.627e-08,1.0,1.0,0.0,1.455e-06
1.628e-08,1.0,1.0,0.0,1.455e-06
1.629e-08,1.0,1.0,0.0,1.455e-06
1.63e-08,1.0,1.0,0.0,1.455e-06
1.631e-08,1.0,1.0,0.0,1.455e-06
1.632e-08,1.0,1.0,0.0,1.455e-06
1.633e-08,1.0,1.0,0.0,1.455e-06
1.634e-08,1.0,1.0,0.0,1.455e-06
1.635e-08,1.0,1.0,0.0,1.455e-06
1.636e-08,1.0,1.0,0.0,1.455e-06
1.637e-08,1.0,1.0,0.0,1.455e-06
1.638e-08,1.0,1.0,0.0,1.455e-06
1.639e-08,1.0,1.0,0.0,1.455e-06
1.64e-08,1.0,1.0,0.0,1.455e-06
1.641e-08,1.0,1.0,0.0,1.455e-06
1.642e-08,1.0,1.0,0.0,1.455e-06
1.643e-08,1.0,1.0,0.0,1.455e-06
1.644e-08,1.0,1.0,0.0,1.455e-06
1.645e-08,1.0,1.0,0.0,1.455e-06
1.646e-08,1.0,1.0,0.0,1.455e-06
1.647e-08,1.0,1.0,0.0,1.455e-06
1.648e-08,1.0,1.0,0.0,1.455e-06
1.649e-08,1.0,1.0,0.0,1.455e-06
1.65e-08,1.0,1.0,0.0,1.455e-06
1.651e-08,1.0,1.0,0.0,1.455e-06
1.652e-08,1.0,1.0,0.0,1.455e-06
1.653e-08,1.0,1.0,0.0,1.455e-06
1.654e-08,1.0,1.0,0.0,1.455e-06
1.655e-08,1.0,1.0,0.0,1.455e-06
1.656e-08,1.0,1.0,0.0,1.455e-06
1.657e-08,1.0,1.0,0.0,1.455e-06
1.658e-08,1.0,1.0,0.0,1.455e-06
1.659e-08,1.0,1.0,0.0,1.455e-06
1.66e-08,1.0,1.0,0.0,1.455e-06
1.661e-08,1.0,1.0,0.0,1.455e-06
1.662e-08,1.0,1.0,0.0,1.455e-06
1.663e-08,1.0,1.0,0.0,1.455e-06
1.664e-08,1.0,1.0,0.0,1.455e-06
1.665e-08,1.0,1.0,0.0,1.455e-06
1.666e-08,1.0,1.0,0.0,1.455e-06
1.667e-08,1.0,1.0,0.0,1.455e-06
1.668e-08,1.0,1.0,0.0,1.455e-06
1.669e-08,1.0,1.0,0.0,1.455e-06
1.67e-08,1.0,1.0,0.0,1.455e-06
1.671e-08,1.0,1.0,0.0,1.455e-06
1.672e-08,1.0,1.0,0.0,1.455e-06
1.673e-08,1.0,1.0,0.0,1.455e-06
1.674e-08,1.0,1.0,0.0,1.455e-06
1.675e-08,1.0,1.0,0.0,1.455e-06
1.676e-08,1.0,1.0,0.0,1.455e-06
1.677e-08,1.0,1.0,0.0,1.455e-06
1.678e-08,1.0,1.0,0.0,1.455e-06
1.679e-08,1.0,1.0,0.0,1.455e-06
1.68e-08,1.0,1.0,0.0,1.455e-06
1.681e-08,1.0,1.0,0.0,1.455e-06
1.682e-08,1.0,1.0,0.0,1.455e-06
1.683e-08,1.0,1.0,0.0,1.455e-06
1.684e-08,1.0,1.0,0.0,1.455e-06
1.685e-08,1.0,1.0,0.0,1.455e-06
1.686e-08,1.0,1.0,0.0,1.455e-06
1.687e-08,1.0,1.0,0.0,1.455e-06
1.688e-08,1.0,1.0,0.0,1.455e-06
1.689e-08,1.0,1.0,0.0,1.455e-06
1.69e-08,1.0,1.0,0.0,1.455e-06
1.691e-08,1.0,1.0,0.0,1.455e-06
1.692e-08,1.0,1.0,0.0,1.455e-06
1.693e-08,1.0,1.0,0.0,1.455e-06
1.694e-08,1.0,1.0,0.0,1.455e-06
1.695e-08,1.0,1.0,0.0,1.455e-06
1.696e-08,1.0,1.0,0.0,1.455e-06
1.697e-08,1.0,1.0,0.0,1.455e-06
1.698e-08,1.0,1.0,0.0,1.455e-06
1.699e-08,1.0,1.0,0.0,1.455e-06
1.7e-08,1.0,1.0,0.0,1.455e-06
1.701e-08,1.0,1.0,0.0,1.455e-06
1.702e-08,1.0,1.0,0.0,1.455e-06
1.703e-08,1.0,1.0,0.0,1.455e-06
1.704e-08,1.0,1.0,0.0,1.455e-06
1.705e-08,1.0,1.0,0.0,1.455e-06
1.706e-08,1.0,1.0,0.0,1.455e-06
1.707e-08,1.0,1.0,0.0,1.455e-06
1.708e-08,1.0,1.0,0.0,1.455e-06
1.709e-08,1.0,1.0,0.0,1.455e-06
1.71e-08,1.0,1.0,0.0,1.455e-06
1.711e-08,1.0,1.0,0.0,1.455e-06
1.712e-08,1.0,1.0,0.0,1.455e-06
1.713e-08,1.0,1.0,0.0,1.455e-06
1.714e-08,1.0,1.0,0.0,1.455e-06
1.715e-08,1.0,1.0,0.0,1.455e-06
1.716e-08,1.0,1.0,0.0,1.455e-06
1.717e-08,1.0,1.0,0.0,1.455e-06
1.718e-08,1.0,1.0,0.0,1.455e-06
1.719e-08,1.0,1.0,0.0,1.455e-06
1.72e-08,1.0,1.0,0.0,1.455e-06
1.721e-08,1.0,1.0,0.0,1.455e-06
1.722e-08,1.0,1.0,0.0,1.455e-06
1.723e-08,1.0,1.0,0.0,1.455e-06
1.724e-08,1.0,1.0,0.0,1.455e-06
1.725e-08,1.0,1.0,0.0,1.455e-06
1.726e-08,1.0,1.0,0.0,1.455e-06
1.727e-08,1.0,1.0,0.0,1.455e-06
1.728e-08,1.0,1.0,0.0,1.455e-06
1.729e-08,1.0,1.0,0.0,1.455e-06
1.73e-08,1.0,1.0,0.0,1.455e-06
1.731e-08,1.0,1.0,0.0,1.455e-06
1.732e-08,1.0,1.0,0.0,1.455e-06
1.733e-08,1.0,1.0,0.0,1.455e-06
1.734e-08,1.0,1.0,0.0,1.455e-06
1.735e-08,1.0,1.0,0.0,1.455e-06
1.736e-08,1.0,1.0,0.0,1.455e-06
1.737e-08,1.0,1.0,0.0,1.455e-06
1.738e-08,1.0,1.0,0.0,1.455e-06
1.739e-08,1.0,1.0,0.0,1.455e-06
1.74e-08,1.0,1.0,0.0,1.455e-06
1.741e-08,1.0,1.0,0.0,1.455e-06
1.742e-08,1.0,1.0,0.0,1.455e-06
1.743e-08,1.0,1.0,0.0,1.455e-06
1.744e-08,1.0,1.0,0.0,1.455e-06
1.745e-08,1.0,1.0,0.0,1.455e-06
1.746e-08,1.0,1.0,0.0,1.455e-06
1.747e-08,1.0,1.0,0.0,1.455e-06
1.748e-08,1.0,1.0,0.0,1.455e-06
1.749e-08,1.0,1.0,0.0,1.455e-06
1.75e-08,1.0,1.0,0.0,1.455e-06
1.751e-08,1.0,1.0,0.0,1.455e-06
1.752e-08,1.0,1.0,0.0,1.455e-06
1.753e-08,1.0,1.0,0.0,1.455e-06
1.754e-08,1.0,1.0,0.0,1.455e-06
1.755e-08,1.0,1.0,0.0,1.455e-06
1.756e-08,1.0,1.0,0.0,1.455e-06
1.757e-08,1.0,1.0,0.0,1.455e-06
1.758e-08,1.0,1.0,0.0,1.455e-06
1.759e-08,1.0,1.0,0.0,1.455e-06
1.76e-08,1.0,1.0,0.0,1.455e-06
1.761e-08,1.0,1.0,0.0,1.455e-06
1.762e-08,1.0,1.0,0.0,1.455e-06
1.763e-08,1.0,1.0,0.0,1.455e-06
1.764e-08,1.0,1.0,0.0,1.455e-06
1.765e-08,1.0,1.0,0.0,1.455e-06
1.766e-08,1.0,1.0,0.0,1.455e-06
1.767e-08,1.0,1.0,0.0,1.455e-06
1.768e-08,1.0,1.0,0.0,1.455e-06
1.769e-08,1.0,1.0,0.0,1.455e-06
1.77e-08,1.0,1.0,0.0,1.455e-06
1.771e-08,1.0,1.0,0.0,1.455e-06
1.772e-08,1.0,1.0,0.0,1.455e-06
1.773e-08,1.0,1.0,0.0,1.455e-06
1.774e-08,1.0,1.0,0.0,1.455e-06
1.775e-08,1.0,1.0,0.0,1.455e-06
1.776e-08,1.0,1.0,0.0,1.455e-06
1.777e-08,1.0,1.0,0.0,1.455e-06
1.778e-08,1.0,1.0,0.0,1.455e-06
1.779e-08,1.0,1.0,0.0,1.455e-06
1.78e-08,1.0,1.0,0.0,1.455e-06
1.781e-08,1.0,1.0,0.0,1.455e-06
1.782e-08,1.0,1.0,0.0,1.455e-06
1.783e-08,1.0,1.0,0.0,1.455e-06
1.784e-08,1.0,1.0,0.0,1.455e-06
1.785e-08,1.0,1.0,0.0,1.455e-06
1.786e-08,1.0,1.0,0.0,1.455e-06
1.787e-08,1.0,1.0,0.0,1.455e-06
1.788e-08,1.0,1.0,0.0,1.455e-06
1.789e-08,1.0,1.0,0.0,1.455e-06
1.79e-08,1.0,1.0,0.0,1.455e-06
1.791e-08,1.0,1.0,0.0,1.455e-06
1.792e-08,1.0,1.0,0.0,1.455e-06
1.793e-08,1.0,1.0,0.0,1.455e-06
1.794e-08,1.0,1.0,0.0,1.455e-06
1.795e-08,1.0,1.0,0.0,1.455e-06
1.796e-08,1.0,1.0,0.0,1.455e-06
1.797e-08,1.0,1.0,0.0,1.455e-06
1.798e-08,1.0,1.0,0.0,1.455e-06
1.799e-08,1.0,1.0,0.0,1.455e-06
1.8e-08,1.0,1.0,0.0,1.455e-06
1.801e-08,1.0,1.0,0.0,1.455e-06
1.802e-08,1.0,1.0,0.0,1.455e-06
1.803e-08,1.0,1.0,0.0,1.455e-06
1.804e-08,1.0,1.0,0.0,1.455e-06
1.805e-08,1.0,1.0,0.0,1.455e-06
1.806e-08,1.0,1.0,0.0,1.455e-06
1.807e-08,1.0,1.0,0.0,1.455e-06
1.808e-08,1.0,1.0,0.0,1.455e-06
1.809e-08,1.0,1.0,0.0,1.455e-06
1.81e-08,1.0,1.0,0.0,1.455e-06
1.811e-08,1.0,1.0,0.0,1.455e-06
1.812e-08,1.0,1.0,0.0,1.455e-06
1.813e-08,1.0,1.0,0.0,1.455e-06
1.814e-08,1.0,1.0,0.0,1.455e-06
1.815e-08,1.0,1.0,0.0,1.455e-06
1.816e-08,1.0,1.0,0.0,1.455e-06
1.817e-08,1.0,1.0,0.0,1.455e-06
1.818e-08,1.0,1.0,0.0,1.455e-06
1.819e-08,1.0,1.0,0.0,1.455e-06
1.82e-08,1.0,1.0,0.0,1.455e-06
1.821e-08,1.0,1.0,0.0,1.455e-06
1.822e-08,1.0,1.0,0.0,1.455e-06
1.823e-08,1.0,1.0,0.0,1.455e-06
1.824e-08,1.0,1.0,0.0,1.455e-06
1.825e-08,1.0,1.0,0.0,1.455e-06
1.826e-08,1.0,1.0,0.0,1.455e-06
1.827e-08,1.0,1.0,0.0,1.455e-06
1.828e-08,1.0,1.0,0.0,1.455e-06
1.829e-08,1.0,1.0,0.0,1.455e-06
1.83e-08,1.0,1.0,0.0,1.455e-06
1.831e-08,1.0,1.0,0.0,1.455e-06
1.832e-08,1.0,1.0,0.0,1.455e-06
1.833e-08,1.0,1.0,0.0,1.455e-06
1.834e-08,1.0,1.0,0.0,1.455e-06
1.835e-08,1.0,1.0,0.0,1.455e-06
1.836e-08,1.0,1.0,0.0,1.455e-06
1.837e-08,1.0,1.0,0.0,1.455e-06
1.838e-08,1.0,1.0,0.0,1.455e-06
1.839e-08,1.0,1.0,0.0,1.455e-06
1.84e-08,1.0,1.0,0.0,1.455e-06
1.841e-08,1.0,1.0,0.0,1.455e-06
1.842e-08,1.0,1.0,0.0,1.455e-06
1.843e-08,1.0,1.0,0.0,1.455e-06
1.844e-08,1.0,1.0,0.0,1.455e-06
1.845e-08,1.0,1.0,0.0,1.455e-06
1.846e-08,1.0,1.0,0.0,1.455e-06
1.847e-08,1.0,1.0,0.0,1.455e-06
1.848e-08,1.0,1.0,0.0,1.455e-06
1.849e-08,1.0,1.0,0.0,1.455e-06
1.85e-08,1.0,1.0,0.0,1.455e-06
1.851e-08,1.0,1.0,0.0,1.455e-06
1.852e-08,1.0,1.0,0.0,1.455e-06
1.853e-08,1.0,1.0,0.0,1.455e-06
1.854e-08,1.0,1.0,0.0,1.455e-06
1.855e-08,1.0,1.0,0.0,1.455e-06
1.856e-08,1.0,1.0,0.0,1.455e-06
1.857e-08,1.0,1.0,0.0,1.455e-06
1.858e-08,1.0,1.0,0.0,1.455e-06
1.859e-08,1.0,1.0,0.0,1.455e-06
1.86e-08,1.0,1.0,0.0,1.455e-06
1.861e-08,1.0,1.0,0.0,1.455e-06
1.862e-08,1.0,1.0,0.0,1.455e-06
1.863e-08,1.0,1.0,0.0,1.455e-06
1.864e-08,1.0,1.0,0.0,1.455e-06
1.865e-08,1.0,1.0,0.0,1.455e-06
1.866e-08,1.0,1.0,0.0,1.455e-06
1.867e-08,1.0,1.0,0.0,1.455e-06
1.868e-08,1.0,1.0,0.0,1.455e-06
1.869e-08,1.0,1.0,0.0,1.455e-06
1.87e-08,1.0,1.0,0.0,1.455e-06
1.871e-08,1.0,1.0,0.0,1.455e-06
1.872e-08,1.0,1.0,0.0,1.455e-06
1.873e-08,1.0,1.0,0.0,1.455e-06
1.874e-08,1.0,1.0,0.0,1.455e-06
1.875e-08,1.0,1.0,0.0,1.455e-06
1.876e-08,1.0,1.0,0.0,1.455e-06
1.877e-08,1.0,1.0,0.0,1.455e-06
1.878e-08,1.0,1.0,0.0,1.455e-06
1.879e-08,1.0,1.0,0.0,1.455e-06
1.88e-08,1.0,1.0,0.0,1.455e-06
1.881e-08,1.0,1.0,0.0,1.455e-06
1.882e-08,1.0,1.0,0.0,1.455e-06
1.883e-08,1.0,1.0,0.0,1.455e-06
1.884e-08,1.0,1.0,0.0,1.455e-06
1.885e-08,1.0,1.0,0.0,1.455e-06
1.886e-08,1.0,1.0,0.0,1.455e-06
1.887e-08,1.0,1.0,0.0,1.455e-06
1.888e-08,1.0,1.0,0.0,1.455e-06
1.889e-08,1.0,1.0,0.0,1.455e-06
1.89e-08,1.0,1.0,0.0,1.455e-06
1.891e-08,1.0,1.0,0.0,1.455e-06
1.892e-08,1.0,1.0,0.0,1.455e-06
1.893e-08,1.0,1.0,0.0,1.455e-06
1.894e-08,1.0,1.0,0.0,1.455e-06
1.895e-08,1.0,1.0,0.0,1.455e-06
1.896e-08,1.0,1.0,0.0,1.455e-06
1.897e-08,1.0,1.0,0.0,1.455e-06
1.898e-08,1.0,1.0,0.0,1.455e-06
1.899e-08,1.0,1.0,0.0,1.455e-06
1.9e-08,1.0,1.0,0.0,1.455e-06
1.901e-08,1.0,1.0,0.0,1.455e-06
1.902e-08,1.0,1.0,0.0,1.455e-06
1.903e-08,1.0,1.0,0.0,1.455e-06
1.904e-08,1.0,1.0,0.0,1.455e-06
1.905e-08,1.0,1.0,0.0,1.455e-06
1.906e-08,1.0,1.0,0.0,1.455e-06
1.907e-08,1.0,1.0,0.0,1.455e-06
1.908e-08,1.0,1.0,0.0,1.455e-06
1.909e-08,1.0,1.0,0.0,1.455e-06
1.91e-08,1.0,1.0,0.0,1.455e-06
1.911e-08,1.0,1.0,0.0,1.455e-06
1.912e-08,1.0,1.0,0.0,1.455e-06
1.913e-08,1.0,1.0,0.0,1.455e-06
1.914e-08,1.0,1.0,0.0,1.455e-06
1.915e-08,1.0,1.0,0.0,1.455e-06
1.916e-08,1.0,1.0,0.0,1.455e-06
1.917e-08,1.0,1.0,0.0,1.455e-06
1.918e-08,1.0,1.0,0.0,1.455e-06
1.919e-08,1.0,1.0,0.0,1.455e-06
1.92e-08,1.0,1.0,0.0,1.455e-06
1.921e-08,1.0,1.0,0.0,1.455e-06
1.922e-08,1.0,1.0,0.0,1.455e-06
1.923e-08,1.0,1.0,0.0,1.455e-06
1.924e-08,1.0,1.0,0.0,1.455e-06
1.925e-08,1.0,1.0,0.0,1.455e-06
1.926e-08,1.0,1.0,0.0,1.455e-06
1.927e-08,1.0,1.0,0.0,1.455e-06
1.928e-08,1.0,1.0,0.0,1.455e-06
1.929e-08,1.0,1.0,0.0,1.455e-06
1.93e-08,1.0,1.0,0.0,1.455e-06
1.931e-08,1.0,1.0,0.0,1.455e-06
1.932e-08,1.0,1.0,0.0,1.455e-06
1.933e-08,1.0,1.0,0.0,1.455e-06
1.934e-08,1.0,1.0,0.0,1.455e-06
1.935e-08,1.0,1.0,0.0,1.455e-06
1.936e-08,1.0,1.0,0.0,1.455e-06
1.937e-08,1.0,1.0,0.0,1.455e-06
1.938e-08,1.0,1.0,0.0,1.455e-06
1.939e-08,1.0,1.0,0.0,1.455e-06
1.94e-08,1.0,1.0,0.0,1.455e-06
1.941e-08,1.0,1.0,0.0,1.455e-06
1.942e-08,1.0,1.0,0.0,1.455e-06
1.943e-08,1.0,1.0,0.0,1.455e-06
1.944e-08,1.0,1.0,0.0,1.455e-06
1.945e-08,1.0,1.0,0.0,1.455e-06
1.946e-08,1.0,1.0,0.0,1.455e-06
1.947e-08,1.0,1.0,0.0,1.455e-06
1.948e-08,1.0,1.0,0.0,1.455e-06
1.949e-08,1.0,1.0,0.0,1.455e-06
1.95e-08,1.0,1.0,0.0,1.455e-06
1.951e-08,1.0,1.0,0.0,1.455e-06
1.952e-08,1.0,1.0,0.0,1.455e-06
1.953e-08,1.0,1.0,0.0,1.455e-06
1.954e-08,1.0,1.0,0.0,1.455e-06
1.955e-08,1.0,1.0,0.0,1.455e-06
1.956e-08,1.0,1.0,0.0,1.455e-06
1.957e-08,1.0,1.0,0.0,1.455e-06
1.958e-08,1.0,1.0,0.0,1.455e-06
1.959e-08,1.0,1.0,0.0,1.455e-06
1.96e-08,1.0,1.0,0.0,1.455e-06
1.961e-08,1.0,1.0,0.0,1.455e-06
1.962e-08,1.0,1.0,0.0,1.455e-06
1.963e-08,1.0,1.0,0.0,1.455e-06
1.964e-08,1.0,1.0,0.0,1.455e-06
1.965e-08,1.0,1.0,0.0,1.455e-06
1.966e-08,1.0,1.0,0.0,1.455e-06
1.967e-08,1.0,1.0,0.0,1.455e-06
1.968e-08,1.0,1.0,0.0,1.455e-06
1.969e-08,1.0,1.0,0.0,1.455e-06
1.97e-08,1.0,1.0,0.0,1.455e-06
1.971e-08,1.0,1.0,0.0,1.455e-06
1.972e-08,1.0,1.0,0.0,1.455e-06
1.973e-08,1.0,1.0,0.0,1.455e-06
1.974e-08,1.0,1.0,0.0,1.455e-06
1.975e-08,1.0,1.0,0.0,1.455e-06
1.976e-08,1.0,1.0,0.0,1.455e-06
1.977e-08,1.0,1.0,0.0,1.455e-06
1.978e-08,1.0,1.0,0.0,1.455e-06
1.979e-08,1.0,1.0,0.0,1.455e-06
1.98e-08,1.0,1.0,0.0,1.455e-06
1.981e-08,1.0,1.0,0.0,1.455e-06
1.982e-08,1.0,1.0,0.0,1.455e-06
1.983e-08,1.0,1.0,0.0,1.455e-06
1.984e-08,1.0,1.0,0.0,1.455e-06
1.985e-08,1.0,1.0,0.0,1.455e-06
1.986e-08,1.0,1.0,0.0,1.455e-06
1.987e-08,1.0,1.0,0.0,1.455e-06
1.988e-08,1.0,1.0,0.0,1.455e-06
1.989e-08,1.0,1.0,0.0,1.455e-06
1.99e-08,1.0,1.0,0.0,1.455e-06
1.991e-08,1.0,1.0,0.0,1.455e-06
1.992e-08,1.0,1.0,0.0,1.455e-06
1.993e-08,1.0,1.0,0.0,1.455e-06
1.994e-08,1.0,1.0,0.0,1.455e-06
1.995e-08,1.0,1.0,0.0,1.455e-06
1.996e-08,1.0,1.0,0.0,1.455e-06
1.997e-08,1.0,1.0,0.0,1.455e-06
1.998e-08,1.0,1.0,0.0,1.455e-06
1.999e-08,1.0,1.0,0.0,1.455e-06
2e-08,1.0,1.0,0.0,1.455e-06
2.001e-08,1.0,1.0,0.0,1.455e-06
2.002e-08,1.0,1.0,0.0,1.455e-06
2.003e-08,1.0,1.0,0.0,1.455e-06
2.004e-08,1.0,1.0,0.0,1.455e-06
2.005e-08,1.0,1.0,0.0,1.455e-06
2.006e-08,1.0,1.0,0.0,1.455e-06
2.007e-08,1.0,1.0,0.0,1.455e-06
2.008e-08,1.0,1.0,0.0,1.455e-06
2.009e-08,1.0,1.0,0.0,1.455e-06
2.01e-08,1.0,1.0,0.0,1.455e-06
2.011e-08,1.0,1.0,0.0,1.455e-06
2.012e-08,1.0,1.0,0.0,1.455e-06
2.013e-08,1.0,1.0,0.0,1.455e-06
2.014e-08,1.0,1.0,0.0,1.455e-06
2.015e-08,1.0,1.0,0.0,1.455e-06
2.016e-08,1.0,1.0,0.0,1.455e-06
2.017e-08,1.0,1.0,0.0,1.455e-06
2.018e-08,1.0,1.0,0.0,1.455e-06
2.019e-08,1.0,1.0,0.0,1.455e-06
2.02e-08,1.0,1.0,0.0,1.455e-06
2.021e-08,1.0,1.0,0.0,1.455e-06
2.022e-08,1.0,1.0,0.0,1.455e-06
2.023e-08,1.0,1.0,0.0,1.455e-06
2.024e-08,1.0,1.0,0.0,1.455e-06
2.025e-08,1.0,1.0,0.0,1.455e-06
2.026e-08,1.0,1.0,0.0,1.455e-06
2.027e-08,1.0,1.0,0.0,1.455e-06
2.028e-08,1.0,1.0,0.0,1.455e-06
2.029e-08,1.0,1.0,0.0,1.455e-06
2.03e-08,1.0,1.0,0.0,1.455e-06
2.031e-08,1.0,1.0,0.0,1.455e-06
2.032e-08,1.0,1.0,0.0,1.455e-06
2.033e-08,1.0,1.0,0.0,1.455e-06
2.034e-08,1.0,1.0,0.0,1.455e-06
2.035e-08,1.0,1.0,0.0,1.455e-06
2.036e-08,1.0,1.0,0.0,1.455e-06
2.037e-08,1.0,1.0,0.0,1.455e-06
2.038e-08,1.0,1.0,0.0,1.455e-06
2.039e-08,1.0,1.0,0.0,1.455e-06
2.04e-08,1.0,1.0,0.0,1.455e-06
2.041e-08,1.0,1.0,0.0,1.455e-06
2.042e-08,1.0,1.0,0.0,1.455e-06
2.043e-08,1.0,1.0,0.0,1.455e-06
2.044e-08,1.0,1.0,0.0,1.455e-06
2.045e-08,1.0,1.0,0.0,1.455e-06
2.046e-08,1.0,1.0,0.0,1.455e-06
2.047e-08,1.0,1.0,0.0,1.455e-06
2.048e-08,1.0,1.0,0.0,1.455e-06
2.049e-08,1.0,1.0,0.0,1.455e-06
2.05e-08,1.0,1.0,0.0,1.455e-06
2.051e-08,1.0,1.0,0.0,1.455e-06
2.052e-08,1.0,1.0,0.0,1.455e-06
2.053e-08,1.0,1.0,0.0,1.455e-06
2.054e-08,1.0,1.0,0.0,1.455e-06
2.055e-08,1.0,1.0,0.0,1.455e-06
2.056e-08,1.0,1.0,0.0,1.455e-06
2.057e-08,1.0,1.0,0.0,1.455e-06
2.058e-08,1.0,1.0,0.0,1.455e-06
2.059e-08,1.0,1.0,0.0,1.455e-06
2.06e-08,1.0,1.0,0.0,1.455e-06
2.061e-08,1.0,1.0,0.0,1.455e-06
2.062e-08,1.0,1.0,0.0,1.455e-06
2.063e-08,1.0,1.0,0.0,1.455e-06
2.064e-08,1.0,1.0,0.0,1.455e-06
2.065e-08,1.0,1.0,0.0,1.455e-06
2.066e-08,1.0,1.0,0.0,1.455e-06
2.067e-08,1.0,1.0,0.0,1.455e-06
2.068e-08,1.0,1.0,0.0,1.455e-06
2.069e-08,1.0,1.0,0.0,1.455e-06
2.07e-08,1.0,1.0,0.0,1.455e-06
2.071e-08,1.0,1.0,0.0,1.455e-06
2.072e-08,1.0,1.0,0.0,1.455e-06
2.073e-08,1.0,1.0,0.0,1.455e-06
2.074e-08,1.0,1.0,0.0,1.455e-06
2.075e-08,1.0,1.0,0.0,1.455e-06
2.076e-08,1.0,1.0,0.0,1.455e-06
2.077e-08,1.0,1.0,0.0,1.455e-06
2.078e-08,1.0,1.0,0.0,1.455e-06
2.079e-08,1.0,1.0,0.0,1.455e-06
2.08e-08,1.0,1.0,0.0,1.455e-06
2.081e-08,1.0,1.0,0.0,1.455e-06
2.082e-08,1.0,1.0,0.0,1.455e-06
2.083e-08,1.0,1.0,0.0,1.455e-06
2.084e-08,1.0,1.0,0.0,1.455e-06
2.085e-08,1.0,1.0,0.0,1.455e-06
2.086e-08,1.0,1.0,0.0,1.455e-06
2.087e-08,1.0,1.0,0.0,1.455e-06
2.088e-08,1.0,1.0,0.0,1.455e-06
2.089e-08,1.0,1.0,0.0,1.455e-06
2.09e-08,1.0,1.0,0.0,1.455e-06
2.091e-08,1.0,1.0,0.0,1.455e-06
2.092e-08,1.0,1.0,0.0,1.455e-06
2.093e-08,1.0,1.0,0.0,1.455e-06
2.094e-08,1.0,1.0,0.0,1.455e-06
2.095e-08,1.0,1.0,0.0,1.455e-06
2.096e-08,1.0,1.0,0.0,1.455e-06
2.097e-08,1.0,1.0,0.0,1.455e-06
2.098e-08,1.0,1.0,0.0,1.455e-06
2.099e-08,1.0,1.0,0.0,1.455e-06
2.1e-08,1.0,1.0,0.0,1.455e-06
2.101e-08,1.0,1.0,0.0,1.455e-06
2.102e-08,1.0,1.0,0.0,1.455e-06
2.103e-08,1.0,1.0,0.0,1.455e-06
2.104e-08,1.0,1.0,0.0,1.455e-06
2.105e-08,1.0,1.0,0.0,1.455e-06
2.106e-08,1.0,1.0,0.0,1.455e-06
2.107e-08,1.0,1.0,0.0,1.455e-06
2.108e-08,1.0,1.0,0.0,1.455e-06
2.109e-08,1.0,1.0,0.0,1.455e-06
2.11e-08,1.0,1.0,0.0,1.455e-06
2.111e-08,1.0,1.0,0.0,1.455e-06
2.112e-08,1.0,1.0,0.0,1.455e-06
